model	split	seed	requested_cells_per_donor	median_effective_cells_per_donor	max_effective_cells_per_donor	note	auroc	auprc	balanced_accuracy
scVI_mean_embedding_pseudobulk	donor_holdout	1301	1	1.0	1		0.5115740740740742	0.4783242464227697	0.5277777777777778
TranscriptFormer_mean_embedding_pseudobulk	donor_holdout	1301	1	1.0	1		0.6342592592592593	0.5066613612017503	0.6388888888888888
scVI_mean_embedding_pseudobulk	donor_holdout	1302	1	1.0	1		0.526077097505669	0.5605904321028201	0.47619047619047616
TranscriptFormer_mean_embedding_pseudobulk	donor_holdout	1302	1	1.0	1		0.6689342403628118	0.5917120849454497	0.5476190476190477
scVI_mean_embedding_pseudobulk	donor_holdout	1303	1	1.0	1		0.6613272311212816	0.7646232695508397	0.6464530892448512
TranscriptFormer_mean_embedding_pseudobulk	donor_holdout	1303	1	1.0	1		0.7208237986270023	0.7828944098996572	0.6773455377574371
scVI_mean_embedding_pseudobulk	donor_holdout	1304	1	1.0	1		0.5324074074074074	0.652270062479603	0.5347222222222222
TranscriptFormer_mean_embedding_pseudobulk	donor_holdout	1304	1	1.0	1		0.6805555555555556	0.7736074991766164	0.6041666666666666
scVI_mean_embedding_pseudobulk	donor_holdout	1305	1	1.0	1		0.712018140589569	0.7396001391605849	0.7142857142857143
TranscriptFormer_mean_embedding_pseudobulk	donor_holdout	1305	1	1.0	1		0.6326530612244897	0.6639259191420845	0.5714285714285714
scVI_mean_embedding_pseudobulk	donor_holdout	1306	1	1.0	1		0.7976470588235294	0.7377969290138617	0.7117647058823529
TranscriptFormer_mean_embedding_pseudobulk	donor_holdout	1306	1	1.0	1		0.6423529411764706	0.5727399293505855	0.6435294117647059
scVI_mean_embedding_pseudobulk	donor_holdout	1307	1	1.0	1		0.7163461538461539	0.5686051215163934	0.6394230769230769
TranscriptFormer_mean_embedding_pseudobulk	donor_holdout	1307	1	1.0	1		0.6850961538461539	0.4941082389036767	0.5841346153846154
scVI_mean_embedding_pseudobulk	donor_holdout	1308	1	1.0	1		0.6349206349206349	0.6808242933732684	0.5952380952380952
TranscriptFormer_mean_embedding_pseudobulk	donor_holdout	1308	1	1.0	1		0.7052154195011338	0.7001148788546006	0.5952380952380952
scVI_mean_embedding_pseudobulk	donor_holdout	1309	1	1.0	1		0.6780045351473923	0.6435696095763618	0.6904761904761905
TranscriptFormer_mean_embedding_pseudobulk	donor_holdout	1309	1	1.0	1		0.7528344671201814	0.7224915986448851	0.6428571428571428
scVI_mean_embedding_pseudobulk	donor_holdout	1310	1	1.0	1		0.5295454545454544	0.5599584914056172	0.4954545454545455
TranscriptFormer_mean_embedding_pseudobulk	donor_holdout	1310	1	1.0	1		0.6204545454545455	0.6596301821526753	0.5227272727272727
scVI_mean_embedding_pseudobulk	donor_holdout	1311	1	1.0	1		0.6068181818181817	0.6307311824960514	0.6454545454545455
TranscriptFormer_mean_embedding_pseudobulk	donor_holdout	1311	1	1.0	1		0.634090909090909	0.5995945812190504	0.5931818181818183
scVI_mean_embedding_pseudobulk	donor_holdout	1312	1	1.0	1		0.49768518518518523	0.4968040714772741	0.5138888888888888
TranscriptFormer_mean_embedding_pseudobulk	donor_holdout	1312	1	1.0	1		0.7199074074074073	0.661324208074696	0.6458333333333333
scVI_mean_embedding_pseudobulk	donor_holdout	1313	1	1.0	1		0.6477272727272727	0.7322626142968289	0.5454545454545454
TranscriptFormer_mean_embedding_pseudobulk	donor_holdout	1313	1	1.0	1		0.6727272727272727	0.6809795391550895	0.5977272727272727
scVI_mean_embedding_pseudobulk	donor_holdout	1314	1	1.0	1		0.5929411764705882	0.5811151931530734	0.5635294117647058
TranscriptFormer_mean_embedding_pseudobulk	donor_holdout	1314	1	1.0	1		0.7270588235294118	0.6597793655601062	0.7329411764705882
scVI_mean_embedding_pseudobulk	donor_holdout	1315	1	1.0	1		0.5469107551487413	0.6351641866446667	0.5411899313501144
TranscriptFormer_mean_embedding_pseudobulk	donor_holdout	1315	1	1.0	1		0.700228832951945	0.6726281172849768	0.6510297482837528
scVI_mean_embedding_pseudobulk	donor_holdout	1316	1	1.0	1		0.564625850340136	0.6119260960057611	0.5952380952380952
TranscriptFormer_mean_embedding_pseudobulk	donor_holdout	1316	1	1.0	1		0.5895691609977324	0.6047108261537133	0.5238095238095238
scVI_mean_embedding_pseudobulk	donor_holdout	1317	1	1.0	1		0.5694444444444444	0.5733444716077324	0.6111111111111112
TranscriptFormer_mean_embedding_pseudobulk	donor_holdout	1317	1	1.0	1		0.6458333333333333	0.5648446412139914	0.6180555555555556
scVI_mean_embedding_pseudobulk	donor_holdout	1318	1	1.0	1		0.5124716553287982	0.5164034420358624	0.5
TranscriptFormer_mean_embedding_pseudobulk	donor_holdout	1318	1	1.0	1		0.6122448979591837	0.5879959391765989	0.5714285714285714
scVI_mean_embedding_pseudobulk	donor_holdout	1319	1	1.0	1		0.4671201814058957	0.4699759242706129	0.5
TranscriptFormer_mean_embedding_pseudobulk	donor_holdout	1319	1	1.0	1		0.4421768707482993	0.47774772952521644	0.47619047619047616
scVI_mean_embedding_pseudobulk	donor_holdout	1320	1	1.0	1		0.6544622425629291	0.7143847118304014	0.6327231121281465
TranscriptFormer_mean_embedding_pseudobulk	donor_holdout	1320	1	1.0	1		0.6681922196796338	0.771073357999593	0.6556064073226544
scVI_mean_embedding_pseudobulk	donor_holdout	1321	1	1.0	1		0.6941176470588235	0.5512276493620554	0.6035294117647059
TranscriptFormer_mean_embedding_pseudobulk	donor_holdout	1321	1	1.0	1		0.7458823529411766	0.7171289468748634	0.6635294117647059
scVI_mean_embedding_pseudobulk	donor_holdout	1322	1	1.0	1		0.7482993197278911	0.8011412825712914	0.6666666666666667
TranscriptFormer_mean_embedding_pseudobulk	donor_holdout	1322	1	1.0	1		0.7596371882086168	0.7408533007460829	0.6904761904761905
scVI_mean_embedding_pseudobulk	donor_holdout	1323	1	1.0	1		0.4699074074074074	0.55949935887513	0.5833333333333333
TranscriptFormer_mean_embedding_pseudobulk	donor_holdout	1323	1	1.0	1		0.6435185185185185	0.6912022592274498	0.6527777777777778
scVI_mean_embedding_pseudobulk	donor_holdout	1324	1	1.0	1		0.7142857142857143	0.750809918319336	0.6190476190476191
TranscriptFormer_mean_embedding_pseudobulk	donor_holdout	1324	1	1.0	1		0.655328798185941	0.6415219726771184	0.6904761904761905
scVI_mean_embedding_pseudobulk	donor_holdout	1325	1	1.0	1		0.6840909090909091	0.7368973465130293	0.6022727272727273
TranscriptFormer_mean_embedding_pseudobulk	donor_holdout	1325	1	1.0	1		0.7818181818181819	0.8154565460782037	0.6954545454545455
scVI_mean_embedding_pseudobulk	donor_holdout	1326	1	1.0	1		0.564625850340136	0.5174497811521583	0.5238095238095238
TranscriptFormer_mean_embedding_pseudobulk	donor_holdout	1326	1	1.0	1		0.7369614512471655	0.7020169147175468	0.6428571428571428
scVI_mean_embedding_pseudobulk	donor_holdout	1327	1	1.0	1		0.448512585812357	0.5681355794509816	0.47139588100686497
TranscriptFormer_mean_embedding_pseudobulk	donor_holdout	1327	1	1.0	1		0.6384439359267735	0.6353119256925218	0.5503432494279177
scVI_mean_embedding_pseudobulk	donor_holdout	1328	1	1.0	1		0.5759637188208616	0.6014794579220349	0.5952380952380952
TranscriptFormer_mean_embedding_pseudobulk	donor_holdout	1328	1	1.0	1		0.6666666666666666	0.6420580669713928	0.6666666666666667
scVI_mean_embedding_pseudobulk	donor_holdout	1329	1	1.0	1		0.6045454545454546	0.6191959907677336	0.5931818181818183
TranscriptFormer_mean_embedding_pseudobulk	donor_holdout	1329	1	1.0	1		0.625	0.5403338500753545	0.6227272727272727
scVI_mean_embedding_pseudobulk	donor_holdout	1330	1	1.0	1		0.5600961538461539	0.7031293094151444	0.4951923076923077
TranscriptFormer_mean_embedding_pseudobulk	donor_holdout	1330	1	1.0	1		0.7163461538461539	0.7752094357069993	0.6201923076923077
scVI_mean_embedding_pseudobulk	donor_holdout	1301	2	2.0	2		0.6296296296296297	0.531144200890045	0.6319444444444444
TranscriptFormer_mean_embedding_pseudobulk	donor_holdout	1301	2	2.0	2		0.7314814814814815	0.6163080163105794	0.6944444444444444
scVI_mean_embedding_pseudobulk	donor_holdout	1302	2	2.0	2		0.5782312925170068	0.6510266798265114	0.47619047619047616
TranscriptFormer_mean_embedding_pseudobulk	donor_holdout	1302	2	2.0	2		0.5963718820861678	0.5685606542299492	0.5714285714285714
scVI_mean_embedding_pseudobulk	donor_holdout	1303	2	2.0	2		0.6247139588100686	0.6909636768125123	0.6338672768878719
TranscriptFormer_mean_embedding_pseudobulk	donor_holdout	1303	2	2.0	2		0.7048054919908466	0.7249114784302473	0.6292906178489702
scVI_mean_embedding_pseudobulk	donor_holdout	1304	2	2.0	2		0.6412037037037037	0.669539138237784	0.5833333333333333
TranscriptFormer_mean_embedding_pseudobulk	donor_holdout	1304	2	2.0	2		0.7986111111111112	0.8671643783191063	0.6597222222222223
scVI_mean_embedding_pseudobulk	donor_holdout	1305	2	2.0	2		0.6984126984126984	0.6851821873738078	0.6428571428571428
TranscriptFormer_mean_embedding_pseudobulk	donor_holdout	1305	2	2.0	2		0.7596371882086168	0.7508512070192366	0.7142857142857143
scVI_mean_embedding_pseudobulk	donor_holdout	1306	2	2.0	2		0.6235294117647059	0.5113453517178558	0.5352941176470588
TranscriptFormer_mean_embedding_pseudobulk	donor_holdout	1306	2	2.0	2		0.7670588235294117	0.7125256509395972	0.7023529411764706
scVI_mean_embedding_pseudobulk	donor_holdout	1307	2	2.0	2		0.7475961538461539	0.6271980797801933	0.6081730769230769
TranscriptFormer_mean_embedding_pseudobulk	donor_holdout	1307	2	2.0	2		0.7620192307692307	0.5659947141165171	0.6971153846153846
scVI_mean_embedding_pseudobulk	donor_holdout	1308	2	2.0	2		0.8095238095238094	0.8396715485365056	0.6904761904761905
TranscriptFormer_mean_embedding_pseudobulk	donor_holdout	1308	2	2.0	2		0.7891156462585034	0.7386846947505948	0.7619047619047619
scVI_mean_embedding_pseudobulk	donor_holdout	1309	2	2.0	2		0.7029478458049887	0.6624075643641649	0.6666666666666666
TranscriptFormer_mean_embedding_pseudobulk	donor_holdout	1309	2	2.0	2		0.8231292517006802	0.7711802599239188	0.7619047619047619
scVI_mean_embedding_pseudobulk	donor_holdout	1310	2	2.0	2		0.7454545454545454	0.7275443649735933	0.6681818181818182
TranscriptFormer_mean_embedding_pseudobulk	donor_holdout	1310	2	2.0	2		0.6863636363636364	0.7350291605316777	0.5704545454545455
scVI_mean_embedding_pseudobulk	donor_holdout	1311	2	2.0	2		0.6681818181818182	0.6607248918723028	0.6204545454545455
TranscriptFormer_mean_embedding_pseudobulk	donor_holdout	1311	2	2.0	2		0.6477272727272727	0.6242295658708309	0.5931818181818183
scVI_mean_embedding_pseudobulk	donor_holdout	1312	2	2.0	2		0.625	0.5760472621277526	0.5486111111111112
TranscriptFormer_mean_embedding_pseudobulk	donor_holdout	1312	2	2.0	2		0.7916666666666666	0.7757798621663565	0.6736111111111112
scVI_mean_embedding_pseudobulk	donor_holdout	1313	2	2.0	2		0.6886363636363636	0.7192836350957197	0.6454545454545455
TranscriptFormer_mean_embedding_pseudobulk	donor_holdout	1313	2	2.0	2		0.7363636363636363	0.7167602784251879	0.6431818181818182
scVI_mean_embedding_pseudobulk	donor_holdout	1314	2	2.0	2		0.5882352941176471	0.5627292732965652	0.5541176470588236
TranscriptFormer_mean_embedding_pseudobulk	donor_holdout	1314	2	2.0	2		0.771764705882353	0.7190092769819272	0.7341176470588235
scVI_mean_embedding_pseudobulk	donor_holdout	1315	2	2.0	2		0.6361556064073227	0.741993483073792	0.5594965675057209
TranscriptFormer_mean_embedding_pseudobulk	donor_holdout	1315	2	2.0	2		0.8329519450800915	0.8395554369275713	0.7734553775743707
scVI_mean_embedding_pseudobulk	donor_holdout	1316	2	2.0	2		0.6485260770975056	0.7029612392139795	0.5476190476190477
TranscriptFormer_mean_embedding_pseudobulk	donor_holdout	1316	2	2.0	2		0.7233560090702948	0.7502263529728719	0.6190476190476191
scVI_mean_embedding_pseudobulk	donor_holdout	1317	2	2.0	2		0.6898148148148148	0.712976520264317	0.6597222222222223
TranscriptFormer_mean_embedding_pseudobulk	donor_holdout	1317	2	2.0	2		0.7384259259259259	0.6385533276915678	0.6875
scVI_mean_embedding_pseudobulk	donor_holdout	1318	2	2.0	2		0.3900226757369614	0.42974929970843967	0.5
TranscriptFormer_mean_embedding_pseudobulk	donor_holdout	1318	2	2.0	2		0.6643990929705215	0.5974468056408558	0.5952380952380952
scVI_mean_embedding_pseudobulk	donor_holdout	1319	2	2.0	2		0.46031746031746035	0.46435739432027523	0.4523809523809524
TranscriptFormer_mean_embedding_pseudobulk	donor_holdout	1319	2	2.0	2		0.5532879818594104	0.5532907453681339	0.5476190476190477
scVI_mean_embedding_pseudobulk	donor_holdout	1320	2	2.0	2		0.6910755148741419	0.7143615257941198	0.7070938215102975
TranscriptFormer_mean_embedding_pseudobulk	donor_holdout	1320	2	2.0	2		0.8169336384439359	0.849475980930598	0.6727688787185355
scVI_mean_embedding_pseudobulk	donor_holdout	1321	2	2.0	2		0.6047058823529412	0.5173232429290933	0.6035294117647059
TranscriptFormer_mean_embedding_pseudobulk	donor_holdout	1321	2	2.0	2		0.7835294117647058	0.7439684107305811	0.6635294117647059
scVI_mean_embedding_pseudobulk	donor_holdout	1322	2	2.0	2		0.7596371882086167	0.7736592582169226	0.7142857142857143
TranscriptFormer_mean_embedding_pseudobulk	donor_holdout	1322	2	2.0	2		0.7619047619047619	0.7712175872123892	0.6428571428571428
scVI_mean_embedding_pseudobulk	donor_holdout	1323	2	2.0	2		0.650462962962963	0.7126659429066908	0.6597222222222222
TranscriptFormer_mean_embedding_pseudobulk	donor_holdout	1323	2	2.0	2		0.6898148148148148	0.734428856769543	0.6180555555555556
scVI_mean_embedding_pseudobulk	donor_holdout	1324	2	2.0	2		0.5895691609977324	0.5821251835036472	0.5952380952380952
TranscriptFormer_mean_embedding_pseudobulk	donor_holdout	1324	2	2.0	2		0.6575963718820862	0.6347591021102361	0.6190476190476191
scVI_mean_embedding_pseudobulk	donor_holdout	1325	2	2.0	2		0.7363636363636364	0.7944603306977723	0.6454545454545455
TranscriptFormer_mean_embedding_pseudobulk	donor_holdout	1325	2	2.0	2		0.8704545454545454	0.8647866729391607	0.8113636363636363
scVI_mean_embedding_pseudobulk	donor_holdout	1326	2	2.0	2		0.6893424036281179	0.6095160367805216	0.6190476190476191
TranscriptFormer_mean_embedding_pseudobulk	donor_holdout	1326	2	2.0	2		0.7006802721088436	0.6370068099098982	0.6904761904761905
scVI_mean_embedding_pseudobulk	donor_holdout	1327	2	2.0	2		0.6247139588100686	0.6274834634527163	0.6372997711670481
TranscriptFormer_mean_embedding_pseudobulk	donor_holdout	1327	2	2.0	2		0.7757437070938215	0.8058089785877757	0.7242562929061784
scVI_mean_embedding_pseudobulk	donor_holdout	1328	2	2.0	2		0.6326530612244897	0.6353147120921335	0.6904761904761905
TranscriptFormer_mean_embedding_pseudobulk	donor_holdout	1328	2	2.0	2		0.746031746031746	0.6848904469979217	0.6904761904761905
scVI_mean_embedding_pseudobulk	donor_holdout	1329	2	2.0	2		0.615909090909091	0.5548415709722025	0.6454545454545455
TranscriptFormer_mean_embedding_pseudobulk	donor_holdout	1329	2	2.0	2		0.7022727272727273	0.646187917144725	0.7
scVI_mean_embedding_pseudobulk	donor_holdout	1330	2	2.0	2		0.6394230769230769	0.6989850529096729	0.6586538461538461
TranscriptFormer_mean_embedding_pseudobulk	donor_holdout	1330	2	2.0	2		0.7524038461538463	0.7886984706383565	0.6971153846153846
scVI_mean_embedding_pseudobulk	donor_holdout	1301	4	4.0	4		0.662037037037037	0.6057896430118652	0.6180555555555556
TranscriptFormer_mean_embedding_pseudobulk	donor_holdout	1301	4	4.0	4		0.8449074074074074	0.8170898100934887	0.7847222222222222
scVI_mean_embedding_pseudobulk	donor_holdout	1302	4	4.0	4		0.6190476190476191	0.6335256043029269	0.5952380952380952
TranscriptFormer_mean_embedding_pseudobulk	donor_holdout	1302	4	4.0	4		0.7142857142857143	0.7221000199641656	0.6666666666666667
scVI_mean_embedding_pseudobulk	donor_holdout	1303	4	4.0	4		0.6636155606407323	0.7458138846505709	0.602974828375286
TranscriptFormer_mean_embedding_pseudobulk	donor_holdout	1303	4	4.0	4		0.7780320366132722	0.8316112545995418	0.7036613272311212
scVI_mean_embedding_pseudobulk	donor_holdout	1304	4	4.0	4		0.736111111111111	0.7603584938276966	0.6597222222222223
TranscriptFormer_mean_embedding_pseudobulk	donor_holdout	1304	4	4.0	4		0.8912037037037037	0.9331897411245237	0.8263888888888888
scVI_mean_embedding_pseudobulk	donor_holdout	1305	4	4.0	4		0.7324263038548753	0.6908471761056708	0.6428571428571428
TranscriptFormer_mean_embedding_pseudobulk	donor_holdout	1305	4	4.0	4		0.7868480725623583	0.7796049030989323	0.6666666666666667
scVI_mean_embedding_pseudobulk	donor_holdout	1306	4	4.0	4		0.6894117647058824	0.5672711565342116	0.6235294117647059
TranscriptFormer_mean_embedding_pseudobulk	donor_holdout	1306	4	4.0	4		0.8800000000000001	0.8274203276121435	0.7917647058823529
scVI_mean_embedding_pseudobulk	donor_holdout	1307	4	4.0	4		0.7644230769230769	0.5940004343351866	0.6466346153846154
TranscriptFormer_mean_embedding_pseudobulk	donor_holdout	1307	4	4.0	4		0.8028846153846154	0.5833722597370548	0.8653846153846154
scVI_mean_embedding_pseudobulk	donor_holdout	1308	4	4.0	4		0.836734693877551	0.7838485956004017	0.7619047619047619
TranscriptFormer_mean_embedding_pseudobulk	donor_holdout	1308	4	4.0	4		0.8503401360544218	0.8620076724642203	0.7857142857142857
scVI_mean_embedding_pseudobulk	donor_holdout	1309	4	4.0	4		0.764172335600907	0.7095408947129844	0.6666666666666667
TranscriptFormer_mean_embedding_pseudobulk	donor_holdout	1309	4	4.0	4		0.8480725623582765	0.8211457729536014	0.8333333333333333
scVI_mean_embedding_pseudobulk	donor_holdout	1310	4	4.0	4		0.7727272727272727	0.7803545722372467	0.7613636363636364
TranscriptFormer_mean_embedding_pseudobulk	donor_holdout	1310	4	4.0	4		0.8409090909090909	0.8500835397183534	0.8090909090909091
scVI_mean_embedding_pseudobulk	donor_holdout	1311	4	4.0	4		0.7181818181818183	0.685637799335765	0.5977272727272727
TranscriptFormer_mean_embedding_pseudobulk	donor_holdout	1311	4	4.0	4		0.7613636363636365	0.7001120605906334	0.7363636363636363
scVI_mean_embedding_pseudobulk	donor_holdout	1312	4	4.0	4		0.736111111111111	0.6924226840814445	0.6597222222222223
TranscriptFormer_mean_embedding_pseudobulk	donor_holdout	1312	4	4.0	4		0.8842592592592593	0.8251527575547184	0.7777777777777777
scVI_mean_embedding_pseudobulk	donor_holdout	1313	4	4.0	4		0.7090909090909091	0.7740931319665303	0.6977272727272728
TranscriptFormer_mean_embedding_pseudobulk	donor_holdout	1313	4	4.0	4		0.8545454545454545	0.854687596474719	0.8113636363636363
scVI_mean_embedding_pseudobulk	donor_holdout	1314	4	4.0	4		0.6988235294117646	0.6530408329807347	0.6823529411764706
TranscriptFormer_mean_embedding_pseudobulk	donor_holdout	1314	4	4.0	4		0.8235294117647058	0.7817103338401513	0.7023529411764706
scVI_mean_embedding_pseudobulk	donor_holdout	1315	4	4.0	4		0.780320366132723	0.8141814057427592	0.6727688787185355
TranscriptFormer_mean_embedding_pseudobulk	donor_holdout	1315	4	4.0	4		0.8627002288329519	0.8520513644802346	0.6819221967963387
scVI_mean_embedding_pseudobulk	donor_holdout	1316	4	4.0	4		0.7414965986394557	0.7541237759454689	0.6666666666666667
TranscriptFormer_mean_embedding_pseudobulk	donor_holdout	1316	4	4.0	4		0.8594104308390023	0.8811627167341138	0.7619047619047619
scVI_mean_embedding_pseudobulk	donor_holdout	1317	4	4.0	4		0.7361111111111112	0.7270003616913537	0.6666666666666666
TranscriptFormer_mean_embedding_pseudobulk	donor_holdout	1317	4	4.0	4		0.6597222222222223	0.6655674718540217	0.6180555555555556
scVI_mean_embedding_pseudobulk	donor_holdout	1318	4	4.0	4		0.5079365079365079	0.5152084041594107	0.5476190476190477
TranscriptFormer_mean_embedding_pseudobulk	donor_holdout	1318	4	4.0	4		0.7709750566893424	0.7024284038238041	0.6904761904761905
scVI_mean_embedding_pseudobulk	donor_holdout	1319	4	4.0	4		0.4761904761904762	0.46579517490797495	0.5
TranscriptFormer_mean_embedding_pseudobulk	donor_holdout	1319	4	4.0	4		0.7074829931972789	0.6772367663980037	0.6428571428571428
scVI_mean_embedding_pseudobulk	donor_holdout	1320	4	4.0	4		0.8421052631578947	0.8648608887521316	0.7768878718535469
TranscriptFormer_mean_embedding_pseudobulk	donor_holdout	1320	4	4.0	4		0.8375286041189932	0.8512602863811698	0.7597254004576659
scVI_mean_embedding_pseudobulk	donor_holdout	1321	4	4.0	4		0.7223529411764706	0.5854907702831578	0.6529411764705882
TranscriptFormer_mean_embedding_pseudobulk	donor_holdout	1321	4	4.0	4		0.8376470588235294	0.774320729387453	0.7517647058823529
scVI_mean_embedding_pseudobulk	donor_holdout	1322	4	4.0	4		0.7664399092970522	0.7795403080634902	0.6666666666666666
TranscriptFormer_mean_embedding_pseudobulk	donor_holdout	1322	4	4.0	4		0.7891156462585035	0.8179457949141304	0.7380952380952381
scVI_mean_embedding_pseudobulk	donor_holdout	1323	4	4.0	4		0.6851851851851851	0.7265081756051457	0.6597222222222222
TranscriptFormer_mean_embedding_pseudobulk	donor_holdout	1323	4	4.0	4		0.7592592592592593	0.8314112943353766	0.625
scVI_mean_embedding_pseudobulk	donor_holdout	1324	4	4.0	4		0.6462585034013606	0.6283548666939545	0.6190476190476191
TranscriptFormer_mean_embedding_pseudobulk	donor_holdout	1324	4	4.0	4		0.6893424036281179	0.6548343576072622	0.6428571428571428
scVI_mean_embedding_pseudobulk	donor_holdout	1325	4	4.0	4		0.7931818181818182	0.8201706099693158	0.7204545454545455
TranscriptFormer_mean_embedding_pseudobulk	donor_holdout	1325	4	4.0	4		0.8795454545454545	0.8920577839284596	0.8090909090909091
scVI_mean_embedding_pseudobulk	donor_holdout	1326	4	4.0	4		0.6984126984126984	0.6808511777061295	0.6190476190476191
TranscriptFormer_mean_embedding_pseudobulk	donor_holdout	1326	4	4.0	4		0.8662131519274376	0.8921397330862171	0.7619047619047619
scVI_mean_embedding_pseudobulk	donor_holdout	1327	4	4.0	4		0.6887871853546912	0.7302403047019322	0.6018306636155606
TranscriptFormer_mean_embedding_pseudobulk	donor_holdout	1327	4	4.0	4		0.8581235697940504	0.9008222177595695	0.7459954233409611
scVI_mean_embedding_pseudobulk	donor_holdout	1328	4	4.0	4		0.6643990929705215	0.646528544663364	0.6190476190476191
TranscriptFormer_mean_embedding_pseudobulk	donor_holdout	1328	4	4.0	4		0.8095238095238095	0.8009260464884227	0.7619047619047619
scVI_mean_embedding_pseudobulk	donor_holdout	1329	4	4.0	4		0.6704545454545454	0.6314131040409814	0.65
TranscriptFormer_mean_embedding_pseudobulk	donor_holdout	1329	4	4.0	4		0.8045454545454546	0.7954494844429432	0.7477272727272727
scVI_mean_embedding_pseudobulk	donor_holdout	1330	4	4.0	4		0.5096153846153847	0.6299917411523643	0.5264423076923077
TranscriptFormer_mean_embedding_pseudobulk	donor_holdout	1330	4	4.0	4		0.7740384615384616	0.7957308390545412	0.7235576923076923
scVI_mean_embedding_pseudobulk	donor_holdout	1301	8	8.0	8		0.8101851851851852	0.6655399292530805	0.7361111111111112
TranscriptFormer_mean_embedding_pseudobulk	donor_holdout	1301	8	8.0	8		0.900462962962963	0.8886750029010091	0.7847222222222222
scVI_mean_embedding_pseudobulk	donor_holdout	1302	8	8.0	8		0.6802721088435374	0.7260986143384756	0.5952380952380952
TranscriptFormer_mean_embedding_pseudobulk	donor_holdout	1302	8	8.0	8		0.8571428571428572	0.8708357857517521	0.7619047619047619
scVI_mean_embedding_pseudobulk	donor_holdout	1303	8	8.0	8		0.7276887871853548	0.6926968705504978	0.7425629290617849
TranscriptFormer_mean_embedding_pseudobulk	donor_holdout	1303	8	8.0	8		0.8649885583524028	0.894852903030664	0.834096109839817
scVI_mean_embedding_pseudobulk	donor_holdout	1304	8	8.0	8		0.7291666666666666	0.6921414048620952	0.7569444444444444
TranscriptFormer_mean_embedding_pseudobulk	donor_holdout	1304	8	8.0	8		0.8449074074074074	0.863615897052763	0.7847222222222222
scVI_mean_embedding_pseudobulk	donor_holdout	1305	8	8.0	8		0.7845804988662131	0.7090601182648436	0.7142857142857142
TranscriptFormer_mean_embedding_pseudobulk	donor_holdout	1305	8	8.0	8		0.8049886621315192	0.8268556494737163	0.6904761904761905
scVI_mean_embedding_pseudobulk	donor_holdout	1306	8	8.0	8		0.7647058823529411	0.6252028499057234	0.7023529411764706
TranscriptFormer_mean_embedding_pseudobulk	donor_holdout	1306	8	8.0	8		0.9529411764705882	0.9481336012665936	0.8117647058823529
scVI_mean_embedding_pseudobulk	donor_holdout	1307	8	8.0	8		0.8870192307692308	0.714405065179059	0.8918269230769231
TranscriptFormer_mean_embedding_pseudobulk	donor_holdout	1307	8	8.0	8		0.8918269230769231	0.7273659267812249	0.8725961538461539
scVI_mean_embedding_pseudobulk	donor_holdout	1308	8	8.0	8		0.8616780045351474	0.7625405424082905	0.8571428571428572
TranscriptFormer_mean_embedding_pseudobulk	donor_holdout	1308	8	8.0	8		0.8662131519274376	0.8851209454966131	0.7619047619047619
scVI_mean_embedding_pseudobulk	donor_holdout	1309	8	8.0	8		0.7732426303854876	0.6924273935776958	0.7857142857142857
TranscriptFormer_mean_embedding_pseudobulk	donor_holdout	1309	8	8.0	8		0.8458049886621315	0.806941716601085	0.7857142857142857
scVI_mean_embedding_pseudobulk	donor_holdout	1310	8	8.0	8		0.7977272727272727	0.7429183491894581	0.8340909090909091
TranscriptFormer_mean_embedding_pseudobulk	donor_holdout	1310	8	8.0	8		0.8431818181818183	0.8176727885960133	0.8318181818181818
scVI_mean_embedding_pseudobulk	donor_holdout	1311	8	8.0	8		0.8636363636363636	0.8146301772998135	0.8090909090909091
TranscriptFormer_mean_embedding_pseudobulk	donor_holdout	1311	8	8.0	8		0.884090909090909	0.913464551933245	0.7363636363636363
scVI_mean_embedding_pseudobulk	donor_holdout	1312	8	8.0	8		0.7777777777777777	0.6924081084884094	0.7291666666666667
TranscriptFormer_mean_embedding_pseudobulk	donor_holdout	1312	8	8.0	8		0.8819444444444445	0.8218103973005934	0.7777777777777777
scVI_mean_embedding_pseudobulk	donor_holdout	1313	8	8.0	8		0.8068181818181818	0.7983447825522751	0.7204545454545455
TranscriptFormer_mean_embedding_pseudobulk	donor_holdout	1313	8	8.0	8		0.8931818181818182	0.915532498978031	0.7863636363636364
scVI_mean_embedding_pseudobulk	donor_holdout	1314	8	8.0	8		0.8047058823529412	0.6808967333279845	0.7117647058823529
TranscriptFormer_mean_embedding_pseudobulk	donor_holdout	1314	8	8.0	8		0.908235294117647	0.8033785495550201	0.8011764705882353
scVI_mean_embedding_pseudobulk	donor_holdout	1315	8	8.0	8		0.8627002288329519	0.8911884674154275	0.8123569794050343
TranscriptFormer_mean_embedding_pseudobulk	donor_holdout	1315	8	8.0	8		0.8947368421052632	0.9249756708196606	0.799771167048055
scVI_mean_embedding_pseudobulk	donor_holdout	1316	8	8.0	8		0.7392290249433107	0.7293955267044512	0.6428571428571428
TranscriptFormer_mean_embedding_pseudobulk	donor_holdout	1316	8	8.0	8		0.9206349206349206	0.936855057698575	0.7380952380952381
scVI_mean_embedding_pseudobulk	donor_holdout	1317	8	8.0	8		0.7523148148148148	0.7147574352671147	0.7361111111111112
TranscriptFormer_mean_embedding_pseudobulk	donor_holdout	1317	8	8.0	8		0.6990740740740741	0.673910164270446	0.6111111111111112
scVI_mean_embedding_pseudobulk	donor_holdout	1318	8	8.0	8		0.6984126984126984	0.6829304761201314	0.6666666666666666
TranscriptFormer_mean_embedding_pseudobulk	donor_holdout	1318	8	8.0	8		0.8503401360544217	0.8740640202907284	0.7380952380952381
scVI_mean_embedding_pseudobulk	donor_holdout	1319	8	8.0	8		0.5532879818594104	0.5170394360849411	0.5238095238095237
TranscriptFormer_mean_embedding_pseudobulk	donor_holdout	1319	8	8.0	8		0.7959183673469388	0.730765075850347	0.7619047619047619
scVI_mean_embedding_pseudobulk	donor_holdout	1320	8	8.0	8		0.8306636155606407	0.8463540779236612	0.7505720823798627
TranscriptFormer_mean_embedding_pseudobulk	donor_holdout	1320	8	8.0	8		0.8260869565217391	0.8740422401778236	0.7643020594965675
scVI_mean_embedding_pseudobulk	donor_holdout	1321	8	8.0	8		0.7529411764705882	0.5852573252341055	0.7623529411764706
TranscriptFormer_mean_embedding_pseudobulk	donor_holdout	1321	8	8.0	8		0.8447058823529412	0.8276049099471754	0.7317647058823529
scVI_mean_embedding_pseudobulk	donor_holdout	1322	8	8.0	8		0.7528344671201814	0.7289966027905701	0.6666666666666666
TranscriptFormer_mean_embedding_pseudobulk	donor_holdout	1322	8	8.0	8		0.7959183673469388	0.7722616492026431	0.7142857142857143
scVI_mean_embedding_pseudobulk	donor_holdout	1323	8	8.0	8		0.7939814814814815	0.8139535998244336	0.6527777777777778
TranscriptFormer_mean_embedding_pseudobulk	donor_holdout	1323	8	8.0	8		0.875	0.9120373230648419	0.8055555555555556
scVI_mean_embedding_pseudobulk	donor_holdout	1324	8	8.0	8		0.6417233560090703	0.5741652559648996	0.6190476190476191
TranscriptFormer_mean_embedding_pseudobulk	donor_holdout	1324	8	8.0	8		0.7755102040816326	0.7819293544166024	0.6904761904761905
scVI_mean_embedding_pseudobulk	donor_holdout	1325	8	8.0	8		0.8295454545454546	0.8174058016350506	0.7431818181818182
TranscriptFormer_mean_embedding_pseudobulk	donor_holdout	1325	8	8.0	8		0.925	0.9340192423709118	0.7886363636363636
scVI_mean_embedding_pseudobulk	donor_holdout	1326	8	8.0	8		0.6938775510204082	0.6421576630770761	0.7380952380952381
TranscriptFormer_mean_embedding_pseudobulk	donor_holdout	1326	8	8.0	8		0.8503401360544217	0.8726741405718468	0.7380952380952381
scVI_mean_embedding_pseudobulk	donor_holdout	1327	8	8.0	8		0.8077803203661328	0.8095924098846765	0.6853546910755148
TranscriptFormer_mean_embedding_pseudobulk	donor_holdout	1327	8	8.0	8		0.8535469107551488	0.9049660473430206	0.6807780320366132
scVI_mean_embedding_pseudobulk	donor_holdout	1328	8	8.0	8		0.6712018140589568	0.6242371842042608	0.6428571428571428
TranscriptFormer_mean_embedding_pseudobulk	donor_holdout	1328	8	8.0	8		0.7777777777777778	0.7669588840771107	0.6904761904761905
scVI_mean_embedding_pseudobulk	donor_holdout	1329	8	8.0	8		0.7272727272727273	0.6352974564135555	0.7431818181818182
TranscriptFormer_mean_embedding_pseudobulk	donor_holdout	1329	8	8.0	8		0.8613636363636363	0.8015300111152515	0.7704545454545455
scVI_mean_embedding_pseudobulk	donor_holdout	1330	8	8.0	8		0.7235576923076923	0.7550768551874356	0.6850961538461539
TranscriptFormer_mean_embedding_pseudobulk	donor_holdout	1330	8	8.0	8		0.875	0.8811624833879046	0.8365384615384616
scVI_mean_embedding_pseudobulk	donor_holdout	1301	16	8.0	8	Requested depth 16 is capped by the existing eight-cell-per-donor benchmark sample.	0.8101851851851852	0.6655399292530805	0.7361111111111112
TranscriptFormer_mean_embedding_pseudobulk	donor_holdout	1301	16	8.0	8	Requested depth 16 is capped by the existing eight-cell-per-donor benchmark sample.	0.900462962962963	0.8886750029010091	0.7847222222222222
scVI_mean_embedding_pseudobulk	donor_holdout	1302	16	8.0	8	Requested depth 16 is capped by the existing eight-cell-per-donor benchmark sample.	0.6802721088435374	0.7260986143384756	0.5952380952380952
TranscriptFormer_mean_embedding_pseudobulk	donor_holdout	1302	16	8.0	8	Requested depth 16 is capped by the existing eight-cell-per-donor benchmark sample.	0.8571428571428572	0.8708357857517521	0.7619047619047619
scVI_mean_embedding_pseudobulk	donor_holdout	1303	16	8.0	8	Requested depth 16 is capped by the existing eight-cell-per-donor benchmark sample.	0.7276887871853548	0.6926968705504978	0.7425629290617849
TranscriptFormer_mean_embedding_pseudobulk	donor_holdout	1303	16	8.0	8	Requested depth 16 is capped by the existing eight-cell-per-donor benchmark sample.	0.8649885583524028	0.894852903030664	0.834096109839817
scVI_mean_embedding_pseudobulk	donor_holdout	1304	16	8.0	8	Requested depth 16 is capped by the existing eight-cell-per-donor benchmark sample.	0.7291666666666666	0.6921414048620952	0.7569444444444444
TranscriptFormer_mean_embedding_pseudobulk	donor_holdout	1304	16	8.0	8	Requested depth 16 is capped by the existing eight-cell-per-donor benchmark sample.	0.8449074074074074	0.863615897052763	0.7847222222222222
scVI_mean_embedding_pseudobulk	donor_holdout	1305	16	8.0	8	Requested depth 16 is capped by the existing eight-cell-per-donor benchmark sample.	0.7845804988662131	0.7090601182648436	0.7142857142857142
TranscriptFormer_mean_embedding_pseudobulk	donor_holdout	1305	16	8.0	8	Requested depth 16 is capped by the existing eight-cell-per-donor benchmark sample.	0.8049886621315192	0.8268556494737163	0.6904761904761905
scVI_mean_embedding_pseudobulk	donor_holdout	1306	16	8.0	8	Requested depth 16 is capped by the existing eight-cell-per-donor benchmark sample.	0.7647058823529411	0.6252028499057234	0.7023529411764706
TranscriptFormer_mean_embedding_pseudobulk	donor_holdout	1306	16	8.0	8	Requested depth 16 is capped by the existing eight-cell-per-donor benchmark sample.	0.9529411764705882	0.9481336012665936	0.8117647058823529
scVI_mean_embedding_pseudobulk	donor_holdout	1307	16	8.0	8	Requested depth 16 is capped by the existing eight-cell-per-donor benchmark sample.	0.8870192307692308	0.714405065179059	0.8918269230769231
TranscriptFormer_mean_embedding_pseudobulk	donor_holdout	1307	16	8.0	8	Requested depth 16 is capped by the existing eight-cell-per-donor benchmark sample.	0.8918269230769231	0.7273659267812249	0.8725961538461539
scVI_mean_embedding_pseudobulk	donor_holdout	1308	16	8.0	8	Requested depth 16 is capped by the existing eight-cell-per-donor benchmark sample.	0.8616780045351474	0.7625405424082905	0.8571428571428572
TranscriptFormer_mean_embedding_pseudobulk	donor_holdout	1308	16	8.0	8	Requested depth 16 is capped by the existing eight-cell-per-donor benchmark sample.	0.8662131519274376	0.8851209454966131	0.7619047619047619
scVI_mean_embedding_pseudobulk	donor_holdout	1309	16	8.0	8	Requested depth 16 is capped by the existing eight-cell-per-donor benchmark sample.	0.7732426303854876	0.6924273935776958	0.7857142857142857
TranscriptFormer_mean_embedding_pseudobulk	donor_holdout	1309	16	8.0	8	Requested depth 16 is capped by the existing eight-cell-per-donor benchmark sample.	0.8458049886621315	0.806941716601085	0.7857142857142857
scVI_mean_embedding_pseudobulk	donor_holdout	1310	16	8.0	8	Requested depth 16 is capped by the existing eight-cell-per-donor benchmark sample.	0.7977272727272727	0.7429183491894581	0.8340909090909091
TranscriptFormer_mean_embedding_pseudobulk	donor_holdout	1310	16	8.0	8	Requested depth 16 is capped by the existing eight-cell-per-donor benchmark sample.	0.8431818181818183	0.8176727885960133	0.8318181818181818
scVI_mean_embedding_pseudobulk	donor_holdout	1311	16	8.0	8	Requested depth 16 is capped by the existing eight-cell-per-donor benchmark sample.	0.8636363636363636	0.8146301772998135	0.8090909090909091
TranscriptFormer_mean_embedding_pseudobulk	donor_holdout	1311	16	8.0	8	Requested depth 16 is capped by the existing eight-cell-per-donor benchmark sample.	0.884090909090909	0.913464551933245	0.7363636363636363
scVI_mean_embedding_pseudobulk	donor_holdout	1312	16	8.0	8	Requested depth 16 is capped by the existing eight-cell-per-donor benchmark sample.	0.7777777777777777	0.6924081084884094	0.7291666666666667
TranscriptFormer_mean_embedding_pseudobulk	donor_holdout	1312	16	8.0	8	Requested depth 16 is capped by the existing eight-cell-per-donor benchmark sample.	0.8819444444444445	0.8218103973005934	0.7777777777777777
scVI_mean_embedding_pseudobulk	donor_holdout	1313	16	8.0	8	Requested depth 16 is capped by the existing eight-cell-per-donor benchmark sample.	0.8068181818181818	0.7983447825522751	0.7204545454545455
TranscriptFormer_mean_embedding_pseudobulk	donor_holdout	1313	16	8.0	8	Requested depth 16 is capped by the existing eight-cell-per-donor benchmark sample.	0.8931818181818182	0.915532498978031	0.7863636363636364
scVI_mean_embedding_pseudobulk	donor_holdout	1314	16	8.0	8	Requested depth 16 is capped by the existing eight-cell-per-donor benchmark sample.	0.8047058823529412	0.6808967333279845	0.7117647058823529
TranscriptFormer_mean_embedding_pseudobulk	donor_holdout	1314	16	8.0	8	Requested depth 16 is capped by the existing eight-cell-per-donor benchmark sample.	0.908235294117647	0.8033785495550201	0.8011764705882353
scVI_mean_embedding_pseudobulk	donor_holdout	1315	16	8.0	8	Requested depth 16 is capped by the existing eight-cell-per-donor benchmark sample.	0.8627002288329519	0.8911884674154275	0.8123569794050343
TranscriptFormer_mean_embedding_pseudobulk	donor_holdout	1315	16	8.0	8	Requested depth 16 is capped by the existing eight-cell-per-donor benchmark sample.	0.8947368421052632	0.9249756708196606	0.799771167048055
scVI_mean_embedding_pseudobulk	donor_holdout	1316	16	8.0	8	Requested depth 16 is capped by the existing eight-cell-per-donor benchmark sample.	0.7392290249433107	0.7293955267044512	0.6428571428571428
TranscriptFormer_mean_embedding_pseudobulk	donor_holdout	1316	16	8.0	8	Requested depth 16 is capped by the existing eight-cell-per-donor benchmark sample.	0.9206349206349206	0.936855057698575	0.7380952380952381
scVI_mean_embedding_pseudobulk	donor_holdout	1317	16	8.0	8	Requested depth 16 is capped by the existing eight-cell-per-donor benchmark sample.	0.7523148148148148	0.7147574352671147	0.7361111111111112
TranscriptFormer_mean_embedding_pseudobulk	donor_holdout	1317	16	8.0	8	Requested depth 16 is capped by the existing eight-cell-per-donor benchmark sample.	0.6990740740740741	0.673910164270446	0.6111111111111112
scVI_mean_embedding_pseudobulk	donor_holdout	1318	16	8.0	8	Requested depth 16 is capped by the existing eight-cell-per-donor benchmark sample.	0.6984126984126984	0.6829304761201314	0.6666666666666666
TranscriptFormer_mean_embedding_pseudobulk	donor_holdout	1318	16	8.0	8	Requested depth 16 is capped by the existing eight-cell-per-donor benchmark sample.	0.8503401360544217	0.8740640202907284	0.7380952380952381
scVI_mean_embedding_pseudobulk	donor_holdout	1319	16	8.0	8	Requested depth 16 is capped by the existing eight-cell-per-donor benchmark sample.	0.5532879818594104	0.5170394360849411	0.5238095238095237
TranscriptFormer_mean_embedding_pseudobulk	donor_holdout	1319	16	8.0	8	Requested depth 16 is capped by the existing eight-cell-per-donor benchmark sample.	0.7959183673469388	0.730765075850347	0.7619047619047619
scVI_mean_embedding_pseudobulk	donor_holdout	1320	16	8.0	8	Requested depth 16 is capped by the existing eight-cell-per-donor benchmark sample.	0.8306636155606407	0.8463540779236612	0.7505720823798627
TranscriptFormer_mean_embedding_pseudobulk	donor_holdout	1320	16	8.0	8	Requested depth 16 is capped by the existing eight-cell-per-donor benchmark sample.	0.8260869565217391	0.8740422401778236	0.7643020594965675
scVI_mean_embedding_pseudobulk	donor_holdout	1321	16	8.0	8	Requested depth 16 is capped by the existing eight-cell-per-donor benchmark sample.	0.7529411764705882	0.5852573252341055	0.7623529411764706
TranscriptFormer_mean_embedding_pseudobulk	donor_holdout	1321	16	8.0	8	Requested depth 16 is capped by the existing eight-cell-per-donor benchmark sample.	0.8447058823529412	0.8276049099471754	0.7317647058823529
scVI_mean_embedding_pseudobulk	donor_holdout	1322	16	8.0	8	Requested depth 16 is capped by the existing eight-cell-per-donor benchmark sample.	0.7528344671201814	0.7289966027905701	0.6666666666666666
TranscriptFormer_mean_embedding_pseudobulk	donor_holdout	1322	16	8.0	8	Requested depth 16 is capped by the existing eight-cell-per-donor benchmark sample.	0.7959183673469388	0.7722616492026431	0.7142857142857143
scVI_mean_embedding_pseudobulk	donor_holdout	1323	16	8.0	8	Requested depth 16 is capped by the existing eight-cell-per-donor benchmark sample.	0.7939814814814815	0.8139535998244336	0.6527777777777778
TranscriptFormer_mean_embedding_pseudobulk	donor_holdout	1323	16	8.0	8	Requested depth 16 is capped by the existing eight-cell-per-donor benchmark sample.	0.875	0.9120373230648419	0.8055555555555556
scVI_mean_embedding_pseudobulk	donor_holdout	1324	16	8.0	8	Requested depth 16 is capped by the existing eight-cell-per-donor benchmark sample.	0.6417233560090703	0.5741652559648996	0.6190476190476191
TranscriptFormer_mean_embedding_pseudobulk	donor_holdout	1324	16	8.0	8	Requested depth 16 is capped by the existing eight-cell-per-donor benchmark sample.	0.7755102040816326	0.7819293544166024	0.6904761904761905
scVI_mean_embedding_pseudobulk	donor_holdout	1325	16	8.0	8	Requested depth 16 is capped by the existing eight-cell-per-donor benchmark sample.	0.8295454545454546	0.8174058016350506	0.7431818181818182
TranscriptFormer_mean_embedding_pseudobulk	donor_holdout	1325	16	8.0	8	Requested depth 16 is capped by the existing eight-cell-per-donor benchmark sample.	0.925	0.9340192423709118	0.7886363636363636
scVI_mean_embedding_pseudobulk	donor_holdout	1326	16	8.0	8	Requested depth 16 is capped by the existing eight-cell-per-donor benchmark sample.	0.6938775510204082	0.6421576630770761	0.7380952380952381
TranscriptFormer_mean_embedding_pseudobulk	donor_holdout	1326	16	8.0	8	Requested depth 16 is capped by the existing eight-cell-per-donor benchmark sample.	0.8503401360544217	0.8726741405718468	0.7380952380952381
scVI_mean_embedding_pseudobulk	donor_holdout	1327	16	8.0	8	Requested depth 16 is capped by the existing eight-cell-per-donor benchmark sample.	0.8077803203661328	0.8095924098846765	0.6853546910755148
TranscriptFormer_mean_embedding_pseudobulk	donor_holdout	1327	16	8.0	8	Requested depth 16 is capped by the existing eight-cell-per-donor benchmark sample.	0.8535469107551488	0.9049660473430206	0.6807780320366132
scVI_mean_embedding_pseudobulk	donor_holdout	1328	16	8.0	8	Requested depth 16 is capped by the existing eight-cell-per-donor benchmark sample.	0.6712018140589568	0.6242371842042608	0.6428571428571428
TranscriptFormer_mean_embedding_pseudobulk	donor_holdout	1328	16	8.0	8	Requested depth 16 is capped by the existing eight-cell-per-donor benchmark sample.	0.7777777777777778	0.7669588840771107	0.6904761904761905
scVI_mean_embedding_pseudobulk	donor_holdout	1329	16	8.0	8	Requested depth 16 is capped by the existing eight-cell-per-donor benchmark sample.	0.7272727272727273	0.6352974564135555	0.7431818181818182
TranscriptFormer_mean_embedding_pseudobulk	donor_holdout	1329	16	8.0	8	Requested depth 16 is capped by the existing eight-cell-per-donor benchmark sample.	0.8613636363636363	0.8015300111152515	0.7704545454545455
scVI_mean_embedding_pseudobulk	donor_holdout	1330	16	8.0	8	Requested depth 16 is capped by the existing eight-cell-per-donor benchmark sample.	0.7235576923076923	0.7550768551874356	0.6850961538461539
TranscriptFormer_mean_embedding_pseudobulk	donor_holdout	1330	16	8.0	8	Requested depth 16 is capped by the existing eight-cell-per-donor benchmark sample.	0.875	0.8811624833879046	0.8365384615384616
scVI_mean_embedding_pseudobulk	disease_free_donor_holdout	1301	1	1.0	1		0.5422077922077922	0.5342512802110706	0.44805194805194803
TranscriptFormer_mean_embedding_pseudobulk	disease_free_donor_holdout	1301	1	1.0	1		0.6590909090909092	0.5062245800129912	0.5941558441558441
scVI_mean_embedding_pseudobulk	disease_free_donor_holdout	1302	1	1.0	1		0.725752508361204	0.6367522976218629	0.5852842809364549
TranscriptFormer_mean_embedding_pseudobulk	disease_free_donor_holdout	1302	1	1.0	1		0.7625418060200669	0.5555444357182866	0.7876254180602007
scVI_mean_embedding_pseudobulk	disease_free_donor_holdout	1303	1	1.0	1		0.6253968253968254	0.6597494287517659	0.6190476190476191
TranscriptFormer_mean_embedding_pseudobulk	disease_free_donor_holdout	1303	1	1.0	1		0.6888888888888889	0.7591788233681009	0.5904761904761905
scVI_mean_embedding_pseudobulk	disease_free_donor_holdout	1304	1	1.0	1		0.559375	0.535829045341913	0.625
TranscriptFormer_mean_embedding_pseudobulk	disease_free_donor_holdout	1304	1	1.0	1		0.734375	0.6018881785425902	0.66875
scVI_mean_embedding_pseudobulk	disease_free_donor_holdout	1305	1	1.0	1		0.6037151702786379	0.6169955333017616	0.6393188854489165
TranscriptFormer_mean_embedding_pseudobulk	disease_free_donor_holdout	1305	1	1.0	1		0.6873065015479876	0.6567178319706772	0.6857585139318885
scVI_mean_embedding_pseudobulk	disease_free_donor_holdout	1306	1	1.0	1		0.6408668730650156	0.6032583003810625	0.5835913312693499
TranscriptFormer_mean_embedding_pseudobulk	disease_free_donor_holdout	1306	1	1.0	1		0.7987616099071208	0.7837521339207301	0.6625386996904025
scVI_mean_embedding_pseudobulk	disease_free_donor_holdout	1307	1	1.0	1		0.684375	0.6414200868435148	0.6875
TranscriptFormer_mean_embedding_pseudobulk	disease_free_donor_holdout	1307	1	1.0	1		0.703125	0.7201676011004138	0.575
scVI_mean_embedding_pseudobulk	disease_free_donor_holdout	1308	1	1.0	1		0.551948051948052	0.5168687594334146	0.4772727272727273
TranscriptFormer_mean_embedding_pseudobulk	disease_free_donor_holdout	1308	1	1.0	1		0.775974025974026	0.6951890670798233	0.7337662337662337
scVI_mean_embedding_pseudobulk	disease_free_donor_holdout	1309	1	1.0	1		0.7111111111111111	0.7933247338183593	0.6714285714285715
TranscriptFormer_mean_embedding_pseudobulk	disease_free_donor_holdout	1309	1	1.0	1		0.7746031746031745	0.7795552897352314	0.7
scVI_mean_embedding_pseudobulk	disease_free_donor_holdout	1310	1	1.0	1		0.5015479876160991	0.4788888432789817	0.43343653250773995
TranscriptFormer_mean_embedding_pseudobulk	disease_free_donor_holdout	1310	1	1.0	1		0.6718266253869969	0.6761009887944873	0.6037151702786377
scVI_mean_embedding_pseudobulk	disease_free_donor_holdout	1311	1	1.0	1		0.5524691358024691	0.6260308443918253	0.6111111111111112
TranscriptFormer_mean_embedding_pseudobulk	disease_free_donor_holdout	1311	1	1.0	1		0.6666666666666666	0.6161277621789111	0.6944444444444444
scVI_mean_embedding_pseudobulk	disease_free_donor_holdout	1312	1	1.0	1		0.2375	0.33085427275082624	0.33125
TranscriptFormer_mean_embedding_pseudobulk	disease_free_donor_holdout	1312	1	1.0	1		0.625	0.6259114862023822	0.65
scVI_mean_embedding_pseudobulk	disease_free_donor_holdout	1313	1	1.0	1		0.4837662337662338	0.3766637169073288	0.5357142857142857
TranscriptFormer_mean_embedding_pseudobulk	disease_free_donor_holdout	1313	1	1.0	1		0.8116883116883117	0.7409551765370179	0.7792207792207793
scVI_mean_embedding_pseudobulk	disease_free_donor_holdout	1314	1	1.0	1		0.571875	0.500753196450485	0.625
TranscriptFormer_mean_embedding_pseudobulk	disease_free_donor_holdout	1314	1	1.0	1		0.69375	0.629131887848993	0.6375
scVI_mean_embedding_pseudobulk	disease_free_donor_holdout	1315	1	1.0	1		0.496875	0.5931119900777608	0.4875
TranscriptFormer_mean_embedding_pseudobulk	disease_free_donor_holdout	1315	1	1.0	1		0.7374999999999999	0.753497069547299	0.75
scVI_mean_embedding_pseudobulk	disease_free_donor_holdout	1316	1	1.0	1		0.7222222222222222	0.6299742528003398	0.6458333333333333
TranscriptFormer_mean_embedding_pseudobulk	disease_free_donor_holdout	1316	1	1.0	1		0.798611111111111	0.7627420824789247	0.6875
scVI_mean_embedding_pseudobulk	disease_free_donor_holdout	1317	1	1.0	1		0.5925925925925926	0.6339648533465738	0.5833333333333334
TranscriptFormer_mean_embedding_pseudobulk	disease_free_donor_holdout	1317	1	1.0	1		0.6728395061728394	0.6295993642018546	0.6388888888888888
scVI_mean_embedding_pseudobulk	disease_free_donor_holdout	1318	1	1.0	1		0.5551948051948052	0.5423897728048699	0.6038961038961039
TranscriptFormer_mean_embedding_pseudobulk	disease_free_donor_holdout	1318	1	1.0	1		0.6785714285714286	0.5255216502499112	0.6071428571428572
scVI_mean_embedding_pseudobulk	disease_free_donor_holdout	1319	1	1.0	1		0.696594427244582	0.7002138456102953	0.6300309597523219
TranscriptFormer_mean_embedding_pseudobulk	disease_free_donor_holdout	1319	1	1.0	1		0.6996904024767802	0.6777502608489365	0.7012383900928792
scVI_mean_embedding_pseudobulk	disease_free_donor_holdout	1320	1	1.0	1		0.7650793650793651	0.7335988512766005	0.6285714285714286
TranscriptFormer_mean_embedding_pseudobulk	disease_free_donor_holdout	1320	1	1.0	1		0.6793650793650794	0.588961886933754	0.680952380952381
scVI_mean_embedding_pseudobulk	disease_free_donor_holdout	1321	1	1.0	1		0.74375	0.7096398852373118	0.70625
TranscriptFormer_mean_embedding_pseudobulk	disease_free_donor_holdout	1321	1	1.0	1		0.684375	0.7345674390370448	0.69375
scVI_mean_embedding_pseudobulk	disease_free_donor_holdout	1322	1	1.0	1		0.7424749163879598	0.6437539312539313	0.6555183946488294
TranscriptFormer_mean_embedding_pseudobulk	disease_free_donor_holdout	1322	1	1.0	1		0.6220735785953178	0.6010656262471143	0.6170568561872909
scVI_mean_embedding_pseudobulk	disease_free_donor_holdout	1323	1	1.0	1		0.6331168831168832	0.5733511157023479	0.5681818181818181
TranscriptFormer_mean_embedding_pseudobulk	disease_free_donor_holdout	1323	1	1.0	1		0.7727272727272727	0.7077038126659061	0.6623376623376623
scVI_mean_embedding_pseudobulk	disease_free_donor_holdout	1324	1	1.0	1		0.5206349206349206	0.6324610504313795	0.5238095238095237
TranscriptFormer_mean_embedding_pseudobulk	disease_free_donor_holdout	1324	1	1.0	1		0.6666666666666667	0.7077467298210331	0.6761904761904762
scVI_mean_embedding_pseudobulk	disease_free_donor_holdout	1325	1	1.0	1		0.665625	0.6286094743240297	0.6375
TranscriptFormer_mean_embedding_pseudobulk	disease_free_donor_holdout	1325	1	1.0	1		0.740625	0.6619317745326454	0.65
scVI_mean_embedding_pseudobulk	disease_free_donor_holdout	1326	1	1.0	1		0.7093750000000001	0.6252579263299702	0.7375
TranscriptFormer_mean_embedding_pseudobulk	disease_free_donor_holdout	1326	1	1.0	1		0.703125	0.590007378779631	0.7375
scVI_mean_embedding_pseudobulk	disease_free_donor_holdout	1327	1	1.0	1		0.45201238390092874	0.6023144029341316	0.47213622291021673
TranscriptFormer_mean_embedding_pseudobulk	disease_free_donor_holdout	1327	1	1.0	1		0.6749226006191951	0.7408272697927869	0.6393188854489165
scVI_mean_embedding_pseudobulk	disease_free_donor_holdout	1328	1	1.0	1		0.728125	0.7053720203266983	0.7
TranscriptFormer_mean_embedding_pseudobulk	disease_free_donor_holdout	1328	1	1.0	1		0.7000000000000001	0.6451838602573896	0.69375
scVI_mean_embedding_pseudobulk	disease_free_donor_holdout	1329	1	1.0	1		0.6625000000000001	0.7734621423888504	0.7
TranscriptFormer_mean_embedding_pseudobulk	disease_free_donor_holdout	1329	1	1.0	1		0.81875	0.8378366205390586	0.7125
scVI_mean_embedding_pseudobulk	disease_free_donor_holdout	1330	1	1.0	1		0.5174603174603175	0.6373236602465882	0.49523809523809526
TranscriptFormer_mean_embedding_pseudobulk	disease_free_donor_holdout	1330	1	1.0	1		0.5555555555555555	0.6657937867695909	0.6095238095238096
scVI_mean_embedding_pseudobulk	disease_free_donor_holdout	1301	2	2.0	2		0.5811688311688311	0.4624653545114089	0.5811688311688312
TranscriptFormer_mean_embedding_pseudobulk	disease_free_donor_holdout	1301	2	2.0	2		0.7662337662337663	0.6092074825268102	0.7467532467532467
scVI_mean_embedding_pseudobulk	disease_free_donor_holdout	1302	2	2.0	2		0.6287625418060201	0.4921898324068176	0.6287625418060201
TranscriptFormer_mean_embedding_pseudobulk	disease_free_donor_holdout	1302	2	2.0	2		0.7290969899665551	0.6925891860769622	0.6287625418060201
scVI_mean_embedding_pseudobulk	disease_free_donor_holdout	1303	2	2.0	2		0.711111111111111	0.7386368150404199	0.6523809523809523
TranscriptFormer_mean_embedding_pseudobulk	disease_free_donor_holdout	1303	2	2.0	2		0.6952380952380952	0.7824815532887184	0.6571428571428571
scVI_mean_embedding_pseudobulk	disease_free_donor_holdout	1304	2	2.0	2		0.6625000000000001	0.6174630180984748	0.60625
TranscriptFormer_mean_embedding_pseudobulk	disease_free_donor_holdout	1304	2	2.0	2		0.828125	0.778781996780739	0.7625
scVI_mean_embedding_pseudobulk	disease_free_donor_holdout	1305	2	2.0	2		0.7492260061919505	0.7854861976688603	0.7213622291021672
TranscriptFormer_mean_embedding_pseudobulk	disease_free_donor_holdout	1305	2	2.0	2		0.7739938080495357	0.7676618671183889	0.6656346749226006
scVI_mean_embedding_pseudobulk	disease_free_donor_holdout	1306	2	2.0	2		0.563467492260062	0.5147993529626286	0.5510835913312693
TranscriptFormer_mean_embedding_pseudobulk	disease_free_donor_holdout	1306	2	2.0	2		0.7616099071207431	0.6544730604792524	0.7244582043343653
scVI_mean_embedding_pseudobulk	disease_free_donor_holdout	1307	2	2.0	2		0.7718750000000001	0.7639869504420589	0.73125
TranscriptFormer_mean_embedding_pseudobulk	disease_free_donor_holdout	1307	2	2.0	2		0.66875	0.6581613137679314	0.6625
scVI_mean_embedding_pseudobulk	disease_free_donor_holdout	1308	2	2.0	2		0.6363636363636364	0.5475781673816039	0.5584415584415584
TranscriptFormer_mean_embedding_pseudobulk	disease_free_donor_holdout	1308	2	2.0	2		0.7694805194805194	0.6005093062866171	0.7824675324675325
scVI_mean_embedding_pseudobulk	disease_free_donor_holdout	1309	2	2.0	2		0.7015873015873015	0.7418182283532577	0.6047619047619047
TranscriptFormer_mean_embedding_pseudobulk	disease_free_donor_holdout	1309	2	2.0	2		0.8	0.7920450199873021	0.7714285714285714
scVI_mean_embedding_pseudobulk	disease_free_donor_holdout	1310	2	2.0	2		0.5232198142414861	0.5497938976236829	0.4953560371517028
TranscriptFormer_mean_embedding_pseudobulk	disease_free_donor_holdout	1310	2	2.0	2		0.7616099071207431	0.7276681135707505	0.6919504643962848
scVI_mean_embedding_pseudobulk	disease_free_donor_holdout	1311	2	2.0	2		0.6604938271604938	0.6335661843893505	0.6388888888888888
TranscriptFormer_mean_embedding_pseudobulk	disease_free_donor_holdout	1311	2	2.0	2		0.691358024691358	0.6359313730416684	0.6388888888888888
scVI_mean_embedding_pseudobulk	disease_free_donor_holdout	1312	2	2.0	2		0.565625	0.5216597123505458	0.49375
TranscriptFormer_mean_embedding_pseudobulk	disease_free_donor_holdout	1312	2	2.0	2		0.753125	0.72286972657396	0.65625
scVI_mean_embedding_pseudobulk	disease_free_donor_holdout	1313	2	2.0	2		0.6688311688311689	0.6305894719719605	0.5357142857142857
TranscriptFormer_mean_embedding_pseudobulk	disease_free_donor_holdout	1313	2	2.0	2		0.8376623376623376	0.7565850187242221	0.672077922077922
scVI_mean_embedding_pseudobulk	disease_free_donor_holdout	1314	2	2.0	2		0.725	0.658433798504363	0.66875
TranscriptFormer_mean_embedding_pseudobulk	disease_free_donor_holdout	1314	2	2.0	2		0.75	0.729009787726893	0.60625
scVI_mean_embedding_pseudobulk	disease_free_donor_holdout	1315	2	2.0	2		0.6375	0.6721751986470262	0.60625
TranscriptFormer_mean_embedding_pseudobulk	disease_free_donor_holdout	1315	2	2.0	2		0.796875	0.805311315638042	0.66875
scVI_mean_embedding_pseudobulk	disease_free_donor_holdout	1316	2	2.0	2		0.71875	0.6399500690880002	0.5833333333333333
TranscriptFormer_mean_embedding_pseudobulk	disease_free_donor_holdout	1316	2	2.0	2		0.736111111111111	0.6602002164502165	0.6666666666666666
scVI_mean_embedding_pseudobulk	disease_free_donor_holdout	1317	2	2.0	2		0.6913580246913581	0.7253249449817833	0.6111111111111112
TranscriptFormer_mean_embedding_pseudobulk	disease_free_donor_holdout	1317	2	2.0	2		0.7654320987654321	0.7793873265047606	0.6944444444444444
scVI_mean_embedding_pseudobulk	disease_free_donor_holdout	1318	2	2.0	2		0.6331168831168831	0.48042221928559226	0.6396103896103896
TranscriptFormer_mean_embedding_pseudobulk	disease_free_donor_holdout	1318	2	2.0	2		0.8084415584415585	0.6696026342078975	0.724025974025974
scVI_mean_embedding_pseudobulk	disease_free_donor_holdout	1319	2	2.0	2		0.6501547987616099	0.6184428316781259	0.6160990712074303
TranscriptFormer_mean_embedding_pseudobulk	disease_free_donor_holdout	1319	2	2.0	2		0.7213622291021672	0.6452492154454477	0.695046439628483
scVI_mean_embedding_pseudobulk	disease_free_donor_holdout	1320	2	2.0	2		0.8444444444444444	0.8062686387686387	0.7333333333333334
TranscriptFormer_mean_embedding_pseudobulk	disease_free_donor_holdout	1320	2	2.0	2		0.8507936507936508	0.8383068783068783	0.7380952380952381
scVI_mean_embedding_pseudobulk	disease_free_donor_holdout	1321	2	2.0	2		0.653125	0.5827223493198893	0.65
TranscriptFormer_mean_embedding_pseudobulk	disease_free_donor_holdout	1321	2	2.0	2		0.7125	0.7116331475437079	0.69375
scVI_mean_embedding_pseudobulk	disease_free_donor_holdout	1322	2	2.0	2		0.7959866220735786	0.7206579626084268	0.7207357859531773
TranscriptFormer_mean_embedding_pseudobulk	disease_free_donor_holdout	1322	2	2.0	2		0.782608695652174	0.7134936986610414	0.6220735785953178
scVI_mean_embedding_pseudobulk	disease_free_donor_holdout	1323	2	2.0	2		0.6525974025974026	0.5256643003455688	0.5681818181818181
TranscriptFormer_mean_embedding_pseudobulk	disease_free_donor_holdout	1323	2	2.0	2		0.8344155844155844	0.7639195833315643	0.6103896103896104
scVI_mean_embedding_pseudobulk	disease_free_donor_holdout	1324	2	2.0	2		0.5873015873015873	0.7436649448168027	0.6952380952380952
TranscriptFormer_mean_embedding_pseudobulk	disease_free_donor_holdout	1324	2	2.0	2		0.7301587301587302	0.7680590347689362	0.6095238095238096
scVI_mean_embedding_pseudobulk	disease_free_donor_holdout	1325	2	2.0	2		0.609375	0.5912603655831834	0.55
TranscriptFormer_mean_embedding_pseudobulk	disease_free_donor_holdout	1325	2	2.0	2		0.675	0.6149688929598952	0.56875
scVI_mean_embedding_pseudobulk	disease_free_donor_holdout	1326	2	2.0	2		0.640625	0.5248370212984185	0.6375
TranscriptFormer_mean_embedding_pseudobulk	disease_free_donor_holdout	1326	2	2.0	2		0.70625	0.5695143511379924	0.68125
scVI_mean_embedding_pseudobulk	disease_free_donor_holdout	1327	2	2.0	2		0.56656346749226	0.581616999128609	0.5572755417956656
TranscriptFormer_mean_embedding_pseudobulk	disease_free_donor_holdout	1327	2	2.0	2		0.6904024767801857	0.7193493923010026	0.6981424148606811
scVI_mean_embedding_pseudobulk	disease_free_donor_holdout	1328	2	2.0	2		0.634375	0.6080439848706726	0.60625
TranscriptFormer_mean_embedding_pseudobulk	disease_free_donor_holdout	1328	2	2.0	2		0.659375	0.6092621527777777	0.64375
scVI_mean_embedding_pseudobulk	disease_free_donor_holdout	1329	2	2.0	2		0.69375	0.7964569678301876	0.61875
TranscriptFormer_mean_embedding_pseudobulk	disease_free_donor_holdout	1329	2	2.0	2		0.8	0.8509949170626416	0.75625
scVI_mean_embedding_pseudobulk	disease_free_donor_holdout	1330	2	2.0	2		0.5555555555555556	0.6723812666739839	0.6523809523809523
TranscriptFormer_mean_embedding_pseudobulk	disease_free_donor_holdout	1330	2	2.0	2		0.7047619047619047	0.8101473138431345	0.6666666666666666
scVI_mean_embedding_pseudobulk	disease_free_donor_holdout	1301	4	4.0	4		0.6298701298701298	0.47443228350021194	0.5811688311688312
TranscriptFormer_mean_embedding_pseudobulk	disease_free_donor_holdout	1301	4	4.0	4		0.8311688311688312	0.7268172303886589	0.8149350649350648
scVI_mean_embedding_pseudobulk	disease_free_donor_holdout	1302	4	4.0	4		0.6521739130434783	0.5220736428277454	0.6170568561872909
TranscriptFormer_mean_embedding_pseudobulk	disease_free_donor_holdout	1302	4	4.0	4		0.8160535117056856	0.6824315811774007	0.7374581939799332
scVI_mean_embedding_pseudobulk	disease_free_donor_holdout	1303	4	4.0	4		0.7746031746031745	0.7651511067449057	0.680952380952381
TranscriptFormer_mean_embedding_pseudobulk	disease_free_donor_holdout	1303	4	4.0	4		0.7746031746031745	0.8503844162132874	0.7142857142857142
scVI_mean_embedding_pseudobulk	disease_free_donor_holdout	1304	4	4.0	4		0.6781250000000001	0.5625035056635458	0.60625
TranscriptFormer_mean_embedding_pseudobulk	disease_free_donor_holdout	1304	4	4.0	4		0.78125	0.7192517491348509	0.7625
scVI_mean_embedding_pseudobulk	disease_free_donor_holdout	1305	4	4.0	4		0.7058823529411765	0.7055617479230625	0.6919504643962848
TranscriptFormer_mean_embedding_pseudobulk	disease_free_donor_holdout	1305	4	4.0	4		0.8018575851393189	0.8057711991968047	0.8328173374613003
scVI_mean_embedding_pseudobulk	disease_free_donor_holdout	1306	4	4.0	4		0.6718266253869969	0.6107829901863833	0.6393188854489165
TranscriptFormer_mean_embedding_pseudobulk	disease_free_donor_holdout	1306	4	4.0	4		0.8637770897832818	0.7993879668460802	0.8653250773993808
scVI_mean_embedding_pseudobulk	disease_free_donor_holdout	1307	4	4.0	4		0.8187500000000001	0.8184450600569022	0.73125
TranscriptFormer_mean_embedding_pseudobulk	disease_free_donor_holdout	1307	4	4.0	4		0.8999999999999999	0.8970210792791438	0.85
scVI_mean_embedding_pseudobulk	disease_free_donor_holdout	1308	4	4.0	4		0.6915584415584415	0.558417475381761	0.7207792207792207
TranscriptFormer_mean_embedding_pseudobulk	disease_free_donor_holdout	1308	4	4.0	4		0.75	0.5692870854635561	0.7337662337662337
scVI_mean_embedding_pseudobulk	disease_free_donor_holdout	1309	4	4.0	4		0.7333333333333333	0.7033982056856378	0.6761904761904762
TranscriptFormer_mean_embedding_pseudobulk	disease_free_donor_holdout	1309	4	4.0	4		0.8126984126984127	0.8131319263330077	0.7333333333333334
scVI_mean_embedding_pseudobulk	disease_free_donor_holdout	1310	4	4.0	4		0.7151702786377709	0.7419290915377398	0.6362229102167183
TranscriptFormer_mean_embedding_pseudobulk	disease_free_donor_holdout	1310	4	4.0	4		0.8111455108359134	0.8112708817642404	0.7476780185758514
scVI_mean_embedding_pseudobulk	disease_free_donor_holdout	1311	4	4.0	4		0.7932098765432098	0.6985514026231927	0.75
TranscriptFormer_mean_embedding_pseudobulk	disease_free_donor_holdout	1311	4	4.0	4		0.8395061728395061	0.7953475765911266	0.7222222222222222
scVI_mean_embedding_pseudobulk	disease_free_donor_holdout	1312	4	4.0	4		0.59375	0.515235371760917	0.59375
TranscriptFormer_mean_embedding_pseudobulk	disease_free_donor_holdout	1312	4	4.0	4		0.7687499999999999	0.6832693201938727	0.775
scVI_mean_embedding_pseudobulk	disease_free_donor_holdout	1313	4	4.0	4		0.7727272727272727	0.7263644885849591	0.6753246753246753
TranscriptFormer_mean_embedding_pseudobulk	disease_free_donor_holdout	1313	4	4.0	4		0.8863636363636365	0.8136391386391385	0.8603896103896104
scVI_mean_embedding_pseudobulk	disease_free_donor_holdout	1314	4	4.0	4		0.628125	0.5586662955780604	0.6375
TranscriptFormer_mean_embedding_pseudobulk	disease_free_donor_holdout	1314	4	4.0	4		0.7718750000000001	0.8154974420387195	0.7
scVI_mean_embedding_pseudobulk	disease_free_donor_holdout	1315	4	4.0	4		0.653125	0.7354585892970618	0.6375
TranscriptFormer_mean_embedding_pseudobulk	disease_free_donor_holdout	1315	4	4.0	4		0.815625	0.8693499190867613	0.725
scVI_mean_embedding_pseudobulk	disease_free_donor_holdout	1316	4	4.0	4		0.7430555555555556	0.6299484448951995	0.6458333333333333
TranscriptFormer_mean_embedding_pseudobulk	disease_free_donor_holdout	1316	4	4.0	4		0.857638888888889	0.7092497850969718	0.75
scVI_mean_embedding_pseudobulk	disease_free_donor_holdout	1317	4	4.0	4		0.8148148148148149	0.8154543441609887	0.8055555555555556
TranscriptFormer_mean_embedding_pseudobulk	disease_free_donor_holdout	1317	4	4.0	4		0.7808641975308642	0.7736194662722677	0.6944444444444444
scVI_mean_embedding_pseudobulk	disease_free_donor_holdout	1318	4	4.0	4		0.7662337662337663	0.6096747613529098	0.7467532467532467
TranscriptFormer_mean_embedding_pseudobulk	disease_free_donor_holdout	1318	4	4.0	4		0.9318181818181818	0.8944620698850021	0.8863636363636364
scVI_mean_embedding_pseudobulk	disease_free_donor_holdout	1319	4	4.0	4		0.6625386996904024	0.6076990580413502	0.6362229102167183
TranscriptFormer_mean_embedding_pseudobulk	disease_free_donor_holdout	1319	4	4.0	4		0.7492260061919505	0.672376188271707	0.695046439628483
scVI_mean_embedding_pseudobulk	disease_free_donor_holdout	1320	4	4.0	4		0.834920634920635	0.8161928811928811	0.780952380952381
TranscriptFormer_mean_embedding_pseudobulk	disease_free_donor_holdout	1320	4	4.0	4		0.8507936507936508	0.8022338135957061	0.7285714285714285
scVI_mean_embedding_pseudobulk	disease_free_donor_holdout	1321	4	4.0	4		0.6437499999999999	0.5614475587729264	0.69375
TranscriptFormer_mean_embedding_pseudobulk	disease_free_donor_holdout	1321	4	4.0	4		0.83125	0.7958544701772257	0.75625
scVI_mean_embedding_pseudobulk	disease_free_donor_holdout	1322	4	4.0	4		0.8494983277591974	0.8236187141164515	0.7709030100334449
TranscriptFormer_mean_embedding_pseudobulk	disease_free_donor_holdout	1322	4	4.0	4		0.7725752508361204	0.7296845793413298	0.6822742474916388
scVI_mean_embedding_pseudobulk	disease_free_donor_holdout	1323	4	4.0	4		0.7272727272727273	0.5636763038548753	0.6850649350649352
TranscriptFormer_mean_embedding_pseudobulk	disease_free_donor_holdout	1323	4	4.0	4		0.8344155844155844	0.7542043507379642	0.7077922077922079
scVI_mean_embedding_pseudobulk	disease_free_donor_holdout	1324	4	4.0	4		0.7841269841269841	0.7669558187113905	0.7904761904761906
TranscriptFormer_mean_embedding_pseudobulk	disease_free_donor_holdout	1324	4	4.0	4		0.819047619047619	0.8633864366232051	0.7095238095238096
scVI_mean_embedding_pseudobulk	disease_free_donor_holdout	1325	4	4.0	4		0.7406250000000001	0.6952361880890493	0.68125
TranscriptFormer_mean_embedding_pseudobulk	disease_free_donor_holdout	1325	4	4.0	4		0.796875	0.7286128147495557	0.74375
scVI_mean_embedding_pseudobulk	disease_free_donor_holdout	1326	4	4.0	4		0.703125	0.5593266705989229	0.64375
TranscriptFormer_mean_embedding_pseudobulk	disease_free_donor_holdout	1326	4	4.0	4		0.709375	0.6415031423255108	0.68125
scVI_mean_embedding_pseudobulk	disease_free_donor_holdout	1327	4	4.0	4		0.7585139318885448	0.786043346639361	0.6625386996904025
TranscriptFormer_mean_embedding_pseudobulk	disease_free_donor_holdout	1327	4	4.0	4		0.7554179566563467	0.8302443429879134	0.7476780185758514
scVI_mean_embedding_pseudobulk	disease_free_donor_holdout	1328	4	4.0	4		0.709375	0.6504434677696586	0.66875
TranscriptFormer_mean_embedding_pseudobulk	disease_free_donor_holdout	1328	4	4.0	4		0.721875	0.6254481304831705	0.65
scVI_mean_embedding_pseudobulk	disease_free_donor_holdout	1329	4	4.0	4		0.734375	0.7757758393212357	0.65
TranscriptFormer_mean_embedding_pseudobulk	disease_free_donor_holdout	1329	4	4.0	4		0.7937500000000001	0.835659046417699	0.70625
scVI_mean_embedding_pseudobulk	disease_free_donor_holdout	1330	4	4.0	4		0.6031746031746031	0.7415089977439056	0.6190476190476191
TranscriptFormer_mean_embedding_pseudobulk	disease_free_donor_holdout	1330	4	4.0	4		0.8063492063492063	0.8686928995047678	0.6571428571428571
scVI_mean_embedding_pseudobulk	disease_free_donor_holdout	1301	8	8.0	8		0.7792207792207793	0.5990197083618135	0.698051948051948
TranscriptFormer_mean_embedding_pseudobulk	disease_free_donor_holdout	1301	8	8.0	8		0.922077922077922	0.8289895463767645	0.8246753246753247
scVI_mean_embedding_pseudobulk	disease_free_donor_holdout	1302	8	8.0	8		0.8795986622073578	0.7371299362964046	0.8528428093645486
TranscriptFormer_mean_embedding_pseudobulk	disease_free_donor_holdout	1302	8	8.0	8		0.959866220735786	0.9262294141253415	0.9130434782608696
scVI_mean_embedding_pseudobulk	disease_free_donor_holdout	1303	8	8.0	8		0.7111111111111111	0.6805837408560547	0.6904761904761905
TranscriptFormer_mean_embedding_pseudobulk	disease_free_donor_holdout	1303	8	8.0	8		0.8317460317460317	0.9131451847772261	0.780952380952381
scVI_mean_embedding_pseudobulk	disease_free_donor_holdout	1304	8	8.0	8		0.7875	0.6486206501831503	0.74375
TranscriptFormer_mean_embedding_pseudobulk	disease_free_donor_holdout	1304	8	8.0	8		0.859375	0.7934354707792207	0.7875
scVI_mean_embedding_pseudobulk	disease_free_donor_holdout	1305	8	8.0	8		0.7647058823529411	0.7632451585633373	0.6393188854489165
TranscriptFormer_mean_embedding_pseudobulk	disease_free_donor_holdout	1305	8	8.0	8		0.8854489164086686	0.8872056034790133	0.8328173374613003
scVI_mean_embedding_pseudobulk	disease_free_donor_holdout	1306	8	8.0	8		0.7585139318885449	0.6175220507855728	0.7507739938080495
TranscriptFormer_mean_embedding_pseudobulk	disease_free_donor_holdout	1306	8	8.0	8		0.8544891640866874	0.7653798542662138	0.7801857585139318
scVI_mean_embedding_pseudobulk	disease_free_donor_holdout	1307	8	8.0	8		0.8500000000000001	0.7765986832822881	0.7375
TranscriptFormer_mean_embedding_pseudobulk	disease_free_donor_holdout	1307	8	8.0	8		0.85625	0.891199716337584	0.8
scVI_mean_embedding_pseudobulk	disease_free_donor_holdout	1308	8	8.0	8		0.7954545454545454	0.6072066822066822	0.7564935064935066
TranscriptFormer_mean_embedding_pseudobulk	disease_free_donor_holdout	1308	8	8.0	8		0.8214285714285714	0.6621926361673347	0.8149350649350648
scVI_mean_embedding_pseudobulk	disease_free_donor_holdout	1309	8	8.0	8		0.7841269841269841	0.8151671343717319	0.7571428571428571
TranscriptFormer_mean_embedding_pseudobulk	disease_free_donor_holdout	1309	8	8.0	8		0.8444444444444444	0.8841903423017232	0.780952380952381
scVI_mean_embedding_pseudobulk	disease_free_donor_holdout	1310	8	8.0	8		0.7956656346749226	0.757666896572606	0.6857585139318885
TranscriptFormer_mean_embedding_pseudobulk	disease_free_donor_holdout	1310	8	8.0	8		0.8978328173374613	0.9116933380601202	0.8328173374613003
scVI_mean_embedding_pseudobulk	disease_free_donor_holdout	1311	8	8.0	8		0.8765432098765432	0.8266163088352032	0.7777777777777777
TranscriptFormer_mean_embedding_pseudobulk	disease_free_donor_holdout	1311	8	8.0	8		0.845679012345679	0.867556739792497	0.75
scVI_mean_embedding_pseudobulk	disease_free_donor_holdout	1312	8	8.0	8		0.7999999999999999	0.7791811208115555	0.7375
TranscriptFormer_mean_embedding_pseudobulk	disease_free_donor_holdout	1312	8	8.0	8		0.765625	0.794602286787157	0.71875
scVI_mean_embedding_pseudobulk	disease_free_donor_holdout	1313	8	8.0	8		0.8831168831168831	0.7057918480850811	0.7922077922077921
TranscriptFormer_mean_embedding_pseudobulk	disease_free_donor_holdout	1313	8	8.0	8		0.9155844155844156	0.8899492372706658	0.8733766233766234
scVI_mean_embedding_pseudobulk	disease_free_donor_holdout	1314	8	8.0	8		0.6875	0.5771756089226056	0.7125
TranscriptFormer_mean_embedding_pseudobulk	disease_free_donor_holdout	1314	8	8.0	8		0.840625	0.8756536172161171	0.75
scVI_mean_embedding_pseudobulk	disease_free_donor_holdout	1315	8	8.0	8		0.684375	0.6518258758859783	0.66875
TranscriptFormer_mean_embedding_pseudobulk	disease_free_donor_holdout	1315	8	8.0	8		0.809375	0.8525235336558867	0.7
scVI_mean_embedding_pseudobulk	disease_free_donor_holdout	1316	8	8.0	8		0.8090277777777778	0.5627194564694564	0.7708333333333333
TranscriptFormer_mean_embedding_pseudobulk	disease_free_donor_holdout	1316	8	8.0	8		0.84375	0.6259453781512604	0.7916666666666667
scVI_mean_embedding_pseudobulk	disease_free_donor_holdout	1317	8	8.0	8		0.8024691358024691	0.8063645053223246	0.6944444444444444
TranscriptFormer_mean_embedding_pseudobulk	disease_free_donor_holdout	1317	8	8.0	8		0.8888888888888888	0.9292337164750959	0.8611111111111112
scVI_mean_embedding_pseudobulk	disease_free_donor_holdout	1318	8	8.0	8		0.7694805194805194	0.5817875246446674	0.7564935064935066
TranscriptFormer_mean_embedding_pseudobulk	disease_free_donor_holdout	1318	8	8.0	8		0.9383116883116883	0.9274919723134007	0.8506493506493507
scVI_mean_embedding_pseudobulk	disease_free_donor_holdout	1319	8	8.0	8		0.826625386996904	0.7440063143538396	0.7770897832817337
TranscriptFormer_mean_embedding_pseudobulk	disease_free_donor_holdout	1319	8	8.0	8		0.8606811145510836	0.8420168441422589	0.78328173374613
scVI_mean_embedding_pseudobulk	disease_free_donor_holdout	1320	8	8.0	8		0.873015873015873	0.8164162448605172	0.780952380952381
TranscriptFormer_mean_embedding_pseudobulk	disease_free_donor_holdout	1320	8	8.0	8		0.9365079365079365	0.926987514773556	0.8380952380952381
scVI_mean_embedding_pseudobulk	disease_free_donor_holdout	1321	8	8.0	8		0.7312500000000001	0.6024886571761572	0.65
TranscriptFormer_mean_embedding_pseudobulk	disease_free_donor_holdout	1321	8	8.0	8		0.8625	0.8343857942130968	0.84375
scVI_mean_embedding_pseudobulk	disease_free_donor_holdout	1322	8	8.0	8		0.8461538461538461	0.6977082296920354	0.8361204013377926
TranscriptFormer_mean_embedding_pseudobulk	disease_free_donor_holdout	1322	8	8.0	8		0.7725752508361206	0.6931909851414495	0.7207357859531773
scVI_mean_embedding_pseudobulk	disease_free_donor_holdout	1323	8	8.0	8		0.7662337662337662	0.5904387909009758	0.7337662337662337
TranscriptFormer_mean_embedding_pseudobulk	disease_free_donor_holdout	1323	8	8.0	8		0.9025974025974026	0.8811198721913007	0.8246753246753247
scVI_mean_embedding_pseudobulk	disease_free_donor_holdout	1324	8	8.0	8		0.7619047619047619	0.7625345210652873	0.7
TranscriptFormer_mean_embedding_pseudobulk	disease_free_donor_holdout	1324	8	8.0	8		0.8634920634920635	0.9147495189420658	0.8
scVI_mean_embedding_pseudobulk	disease_free_donor_holdout	1325	8	8.0	8		0.834375	0.7673078322566901	0.73125
TranscriptFormer_mean_embedding_pseudobulk	disease_free_donor_holdout	1325	8	8.0	8		0.81875	0.7985209949364361	0.8
scVI_mean_embedding_pseudobulk	disease_free_donor_holdout	1326	8	8.0	8		0.6968749999999999	0.5531573200291231	0.66875
TranscriptFormer_mean_embedding_pseudobulk	disease_free_donor_holdout	1326	8	8.0	8		0.790625	0.7486620280848856	0.65625
scVI_mean_embedding_pseudobulk	disease_free_donor_holdout	1327	8	8.0	8		0.8111455108359134	0.7838217197289219	0.7770897832817337
TranscriptFormer_mean_embedding_pseudobulk	disease_free_donor_holdout	1327	8	8.0	8		0.894736842105263	0.9207033088955283	0.7507739938080495
scVI_mean_embedding_pseudobulk	disease_free_donor_holdout	1328	8	8.0	8		0.84375	0.8053113154153209	0.75
TranscriptFormer_mean_embedding_pseudobulk	disease_free_donor_holdout	1328	8	8.0	8		0.84375	0.7998342652681856	0.84375
scVI_mean_embedding_pseudobulk	disease_free_donor_holdout	1329	8	8.0	8		0.784375	0.7276495006410709	0.75625
TranscriptFormer_mean_embedding_pseudobulk	disease_free_donor_holdout	1329	8	8.0	8		0.890625	0.9186538244829321	0.8
scVI_mean_embedding_pseudobulk	disease_free_donor_holdout	1330	8	8.0	8		0.7396825396825396	0.8213219276314516	0.7095238095238096
TranscriptFormer_mean_embedding_pseudobulk	disease_free_donor_holdout	1330	8	8.0	8		0.8793650793650793	0.9182042370116297	0.8142857142857143
scVI_mean_embedding_pseudobulk	disease_free_donor_holdout	1301	16	8.0	8	Requested depth 16 is capped by the existing eight-cell-per-donor benchmark sample.	0.7792207792207793	0.5990197083618135	0.698051948051948
TranscriptFormer_mean_embedding_pseudobulk	disease_free_donor_holdout	1301	16	8.0	8	Requested depth 16 is capped by the existing eight-cell-per-donor benchmark sample.	0.922077922077922	0.8289895463767645	0.8246753246753247
scVI_mean_embedding_pseudobulk	disease_free_donor_holdout	1302	16	8.0	8	Requested depth 16 is capped by the existing eight-cell-per-donor benchmark sample.	0.8795986622073578	0.7371299362964046	0.8528428093645486
TranscriptFormer_mean_embedding_pseudobulk	disease_free_donor_holdout	1302	16	8.0	8	Requested depth 16 is capped by the existing eight-cell-per-donor benchmark sample.	0.959866220735786	0.9262294141253415	0.9130434782608696
scVI_mean_embedding_pseudobulk	disease_free_donor_holdout	1303	16	8.0	8	Requested depth 16 is capped by the existing eight-cell-per-donor benchmark sample.	0.7111111111111111	0.6805837408560547	0.6904761904761905
TranscriptFormer_mean_embedding_pseudobulk	disease_free_donor_holdout	1303	16	8.0	8	Requested depth 16 is capped by the existing eight-cell-per-donor benchmark sample.	0.8317460317460317	0.9131451847772261	0.780952380952381
scVI_mean_embedding_pseudobulk	disease_free_donor_holdout	1304	16	8.0	8	Requested depth 16 is capped by the existing eight-cell-per-donor benchmark sample.	0.7875	0.6486206501831503	0.74375
TranscriptFormer_mean_embedding_pseudobulk	disease_free_donor_holdout	1304	16	8.0	8	Requested depth 16 is capped by the existing eight-cell-per-donor benchmark sample.	0.859375	0.7934354707792207	0.7875
scVI_mean_embedding_pseudobulk	disease_free_donor_holdout	1305	16	8.0	8	Requested depth 16 is capped by the existing eight-cell-per-donor benchmark sample.	0.7647058823529411	0.7632451585633373	0.6393188854489165
TranscriptFormer_mean_embedding_pseudobulk	disease_free_donor_holdout	1305	16	8.0	8	Requested depth 16 is capped by the existing eight-cell-per-donor benchmark sample.	0.8854489164086686	0.8872056034790133	0.8328173374613003
scVI_mean_embedding_pseudobulk	disease_free_donor_holdout	1306	16	8.0	8	Requested depth 16 is capped by the existing eight-cell-per-donor benchmark sample.	0.7585139318885449	0.6175220507855728	0.7507739938080495
TranscriptFormer_mean_embedding_pseudobulk	disease_free_donor_holdout	1306	16	8.0	8	Requested depth 16 is capped by the existing eight-cell-per-donor benchmark sample.	0.8544891640866874	0.7653798542662138	0.7801857585139318
scVI_mean_embedding_pseudobulk	disease_free_donor_holdout	1307	16	8.0	8	Requested depth 16 is capped by the existing eight-cell-per-donor benchmark sample.	0.8500000000000001	0.7765986832822881	0.7375
TranscriptFormer_mean_embedding_pseudobulk	disease_free_donor_holdout	1307	16	8.0	8	Requested depth 16 is capped by the existing eight-cell-per-donor benchmark sample.	0.85625	0.891199716337584	0.8
scVI_mean_embedding_pseudobulk	disease_free_donor_holdout	1308	16	8.0	8	Requested depth 16 is capped by the existing eight-cell-per-donor benchmark sample.	0.7954545454545454	0.6072066822066822	0.7564935064935066
TranscriptFormer_mean_embedding_pseudobulk	disease_free_donor_holdout	1308	16	8.0	8	Requested depth 16 is capped by the existing eight-cell-per-donor benchmark sample.	0.8214285714285714	0.6621926361673347	0.8149350649350648
scVI_mean_embedding_pseudobulk	disease_free_donor_holdout	1309	16	8.0	8	Requested depth 16 is capped by the existing eight-cell-per-donor benchmark sample.	0.7841269841269841	0.8151671343717319	0.7571428571428571
TranscriptFormer_mean_embedding_pseudobulk	disease_free_donor_holdout	1309	16	8.0	8	Requested depth 16 is capped by the existing eight-cell-per-donor benchmark sample.	0.8444444444444444	0.8841903423017232	0.780952380952381
scVI_mean_embedding_pseudobulk	disease_free_donor_holdout	1310	16	8.0	8	Requested depth 16 is capped by the existing eight-cell-per-donor benchmark sample.	0.7956656346749226	0.757666896572606	0.6857585139318885
TranscriptFormer_mean_embedding_pseudobulk	disease_free_donor_holdout	1310	16	8.0	8	Requested depth 16 is capped by the existing eight-cell-per-donor benchmark sample.	0.8978328173374613	0.9116933380601202	0.8328173374613003
scVI_mean_embedding_pseudobulk	disease_free_donor_holdout	1311	16	8.0	8	Requested depth 16 is capped by the existing eight-cell-per-donor benchmark sample.	0.8765432098765432	0.8266163088352032	0.7777777777777777
TranscriptFormer_mean_embedding_pseudobulk	disease_free_donor_holdout	1311	16	8.0	8	Requested depth 16 is capped by the existing eight-cell-per-donor benchmark sample.	0.845679012345679	0.867556739792497	0.75
scVI_mean_embedding_pseudobulk	disease_free_donor_holdout	1312	16	8.0	8	Requested depth 16 is capped by the existing eight-cell-per-donor benchmark sample.	0.7999999999999999	0.7791811208115555	0.7375
TranscriptFormer_mean_embedding_pseudobulk	disease_free_donor_holdout	1312	16	8.0	8	Requested depth 16 is capped by the existing eight-cell-per-donor benchmark sample.	0.765625	0.794602286787157	0.71875
scVI_mean_embedding_pseudobulk	disease_free_donor_holdout	1313	16	8.0	8	Requested depth 16 is capped by the existing eight-cell-per-donor benchmark sample.	0.8831168831168831	0.7057918480850811	0.7922077922077921
TranscriptFormer_mean_embedding_pseudobulk	disease_free_donor_holdout	1313	16	8.0	8	Requested depth 16 is capped by the existing eight-cell-per-donor benchmark sample.	0.9155844155844156	0.8899492372706658	0.8733766233766234
scVI_mean_embedding_pseudobulk	disease_free_donor_holdout	1314	16	8.0	8	Requested depth 16 is capped by the existing eight-cell-per-donor benchmark sample.	0.6875	0.5771756089226056	0.7125
TranscriptFormer_mean_embedding_pseudobulk	disease_free_donor_holdout	1314	16	8.0	8	Requested depth 16 is capped by the existing eight-cell-per-donor benchmark sample.	0.840625	0.8756536172161171	0.75
scVI_mean_embedding_pseudobulk	disease_free_donor_holdout	1315	16	8.0	8	Requested depth 16 is capped by the existing eight-cell-per-donor benchmark sample.	0.684375	0.6518258758859783	0.66875
TranscriptFormer_mean_embedding_pseudobulk	disease_free_donor_holdout	1315	16	8.0	8	Requested depth 16 is capped by the existing eight-cell-per-donor benchmark sample.	0.809375	0.8525235336558867	0.7
scVI_mean_embedding_pseudobulk	disease_free_donor_holdout	1316	16	8.0	8	Requested depth 16 is capped by the existing eight-cell-per-donor benchmark sample.	0.8090277777777778	0.5627194564694564	0.7708333333333333
TranscriptFormer_mean_embedding_pseudobulk	disease_free_donor_holdout	1316	16	8.0	8	Requested depth 16 is capped by the existing eight-cell-per-donor benchmark sample.	0.84375	0.6259453781512604	0.7916666666666667
scVI_mean_embedding_pseudobulk	disease_free_donor_holdout	1317	16	8.0	8	Requested depth 16 is capped by the existing eight-cell-per-donor benchmark sample.	0.8024691358024691	0.8063645053223246	0.6944444444444444
TranscriptFormer_mean_embedding_pseudobulk	disease_free_donor_holdout	1317	16	8.0	8	Requested depth 16 is capped by the existing eight-cell-per-donor benchmark sample.	0.8888888888888888	0.9292337164750959	0.8611111111111112
scVI_mean_embedding_pseudobulk	disease_free_donor_holdout	1318	16	8.0	8	Requested depth 16 is capped by the existing eight-cell-per-donor benchmark sample.	0.7694805194805194	0.5817875246446674	0.7564935064935066
TranscriptFormer_mean_embedding_pseudobulk	disease_free_donor_holdout	1318	16	8.0	8	Requested depth 16 is capped by the existing eight-cell-per-donor benchmark sample.	0.9383116883116883	0.9274919723134007	0.8506493506493507
scVI_mean_embedding_pseudobulk	disease_free_donor_holdout	1319	16	8.0	8	Requested depth 16 is capped by the existing eight-cell-per-donor benchmark sample.	0.826625386996904	0.7440063143538396	0.7770897832817337
TranscriptFormer_mean_embedding_pseudobulk	disease_free_donor_holdout	1319	16	8.0	8	Requested depth 16 is capped by the existing eight-cell-per-donor benchmark sample.	0.8606811145510836	0.8420168441422589	0.78328173374613
scVI_mean_embedding_pseudobulk	disease_free_donor_holdout	1320	16	8.0	8	Requested depth 16 is capped by the existing eight-cell-per-donor benchmark sample.	0.873015873015873	0.8164162448605172	0.780952380952381
TranscriptFormer_mean_embedding_pseudobulk	disease_free_donor_holdout	1320	16	8.0	8	Requested depth 16 is capped by the existing eight-cell-per-donor benchmark sample.	0.9365079365079365	0.926987514773556	0.8380952380952381
scVI_mean_embedding_pseudobulk	disease_free_donor_holdout	1321	16	8.0	8	Requested depth 16 is capped by the existing eight-cell-per-donor benchmark sample.	0.7312500000000001	0.6024886571761572	0.65
TranscriptFormer_mean_embedding_pseudobulk	disease_free_donor_holdout	1321	16	8.0	8	Requested depth 16 is capped by the existing eight-cell-per-donor benchmark sample.	0.8625	0.8343857942130968	0.84375
scVI_mean_embedding_pseudobulk	disease_free_donor_holdout	1322	16	8.0	8	Requested depth 16 is capped by the existing eight-cell-per-donor benchmark sample.	0.8461538461538461	0.6977082296920354	0.8361204013377926
TranscriptFormer_mean_embedding_pseudobulk	disease_free_donor_holdout	1322	16	8.0	8	Requested depth 16 is capped by the existing eight-cell-per-donor benchmark sample.	0.7725752508361206	0.6931909851414495	0.7207357859531773
scVI_mean_embedding_pseudobulk	disease_free_donor_holdout	1323	16	8.0	8	Requested depth 16 is capped by the existing eight-cell-per-donor benchmark sample.	0.7662337662337662	0.5904387909009758	0.7337662337662337
TranscriptFormer_mean_embedding_pseudobulk	disease_free_donor_holdout	1323	16	8.0	8	Requested depth 16 is capped by the existing eight-cell-per-donor benchmark sample.	0.9025974025974026	0.8811198721913007	0.8246753246753247
scVI_mean_embedding_pseudobulk	disease_free_donor_holdout	1324	16	8.0	8	Requested depth 16 is capped by the existing eight-cell-per-donor benchmark sample.	0.7619047619047619	0.7625345210652873	0.7
TranscriptFormer_mean_embedding_pseudobulk	disease_free_donor_holdout	1324	16	8.0	8	Requested depth 16 is capped by the existing eight-cell-per-donor benchmark sample.	0.8634920634920635	0.9147495189420658	0.8
scVI_mean_embedding_pseudobulk	disease_free_donor_holdout	1325	16	8.0	8	Requested depth 16 is capped by the existing eight-cell-per-donor benchmark sample.	0.834375	0.7673078322566901	0.73125
TranscriptFormer_mean_embedding_pseudobulk	disease_free_donor_holdout	1325	16	8.0	8	Requested depth 16 is capped by the existing eight-cell-per-donor benchmark sample.	0.81875	0.7985209949364361	0.8
scVI_mean_embedding_pseudobulk	disease_free_donor_holdout	1326	16	8.0	8	Requested depth 16 is capped by the existing eight-cell-per-donor benchmark sample.	0.6968749999999999	0.5531573200291231	0.66875
TranscriptFormer_mean_embedding_pseudobulk	disease_free_donor_holdout	1326	16	8.0	8	Requested depth 16 is capped by the existing eight-cell-per-donor benchmark sample.	0.790625	0.7486620280848856	0.65625
scVI_mean_embedding_pseudobulk	disease_free_donor_holdout	1327	16	8.0	8	Requested depth 16 is capped by the existing eight-cell-per-donor benchmark sample.	0.8111455108359134	0.7838217197289219	0.7770897832817337
TranscriptFormer_mean_embedding_pseudobulk	disease_free_donor_holdout	1327	16	8.0	8	Requested depth 16 is capped by the existing eight-cell-per-donor benchmark sample.	0.894736842105263	0.9207033088955283	0.7507739938080495
scVI_mean_embedding_pseudobulk	disease_free_donor_holdout	1328	16	8.0	8	Requested depth 16 is capped by the existing eight-cell-per-donor benchmark sample.	0.84375	0.8053113154153209	0.75
TranscriptFormer_mean_embedding_pseudobulk	disease_free_donor_holdout	1328	16	8.0	8	Requested depth 16 is capped by the existing eight-cell-per-donor benchmark sample.	0.84375	0.7998342652681856	0.84375
scVI_mean_embedding_pseudobulk	disease_free_donor_holdout	1329	16	8.0	8	Requested depth 16 is capped by the existing eight-cell-per-donor benchmark sample.	0.784375	0.7276495006410709	0.75625
TranscriptFormer_mean_embedding_pseudobulk	disease_free_donor_holdout	1329	16	8.0	8	Requested depth 16 is capped by the existing eight-cell-per-donor benchmark sample.	0.890625	0.9186538244829321	0.8
scVI_mean_embedding_pseudobulk	disease_free_donor_holdout	1330	16	8.0	8	Requested depth 16 is capped by the existing eight-cell-per-donor benchmark sample.	0.7396825396825396	0.8213219276314516	0.7095238095238096
TranscriptFormer_mean_embedding_pseudobulk	disease_free_donor_holdout	1330	16	8.0	8	Requested depth 16 is capped by the existing eight-cell-per-donor benchmark sample.	0.8793650793650793	0.9182042370116297	0.8142857142857143
